canonical_smiles,molecule_chembl_id,pchembl_value,standard_value,value
CN(C)c1cc2c(Nc3cccc(Br)c3)ncnc2cn1,CHEMBL53711,,0.006,0.006
CCOc1cc2ncnc(Nc3cccc(Br)c3)c2cc1OCC,CHEMBL35820,,0.006,0.006
CN(C)c1cc2c(Nc3cccc(Br)c3)ncnc2cn1,CHEMBL53711,,0.006,0.006
CNc1cc2c(Nc3cccc(Br)c3)ncnc2cn1,CHEMBL53753,,0.008,0.008
CNc1cc2c(Nc3cccc(Br)c3)ncnc2cn1,CHEMBL53753,,0.008,0.008
CNc1cc2c(Nc3cccc(Br)c3)ncnc2cn1,CHEMBL53753,,0.008,0.008
Brc1cccc(Nc2ncnc3cc4[nH]cnc4cc23)c1,CHEMBL66031,,0.008,0.008
COc1cc2ncnc(Nc3cccc(Br)c3)c2cc1OC,CHEMBL29197,10.60,0.025,0.025
COc1cc2ncnc(Nc3cccc(Br)c3)c2cc1OC,CHEMBL29197,10.60,0.025,0.025
CN(C)c1cc2ncnc(Nc3cccc(Br)c3)c2cn1,CHEMBL53428,10.05,0.09,0.09
Nc1ccc2c(Nc3cccc(Br)c3)ncnc2c1,CHEMBL420624,10.00,0.1,0.1
CNc1cc2ncnc(Nc3cccc(Br)c3)c2cn1,CHEMBL54400,9.89,0.13,0.13
Nc1cc2c(Nc3cccc(Br)c3)ncnc2cn1,CHEMBL51853,9.89,0.13,0.13
C=CC(=O)N(C)c1cc2c(Nc3cccc(Br)c3)ncnc2cn1,CHEMBL334697,9.77,0.17,0.17
CN(CCO)c1cc2c(Nc3cccc(Br)c3)ncnc2cn1,CHEMBL161956,9.66,0.22,0.22
OCCNc1cc2ncnc(Nc3cccc(Br)c3)c2cn1,CHEMBL127041,9.62,0.24,0.24
Brc1cccc(Nc2ncnc3cnc(NCCc4c[nH]cn4)nc23)c1,CHEMBL53426,9.60,0.25,0.25
Nc1ccc2sc3c(Nc4cccc(Br)c4)ncnc3c2c1,CHEMBL152905,9.57,0.27,0.27
O=C(O)CCCNc1cc2ncnc(Nc3cccc(Br)c3)c2cn1,CHEMBL128468,9.55,0.28,0.28
OCCN(CCO)CCCNc1cc2c(Nc3cccc(Br)c3)ncnc2cn1,CHEMBL163369,9.46,0.35,0.35
Cn1ncc2cc3c(Nc4cccc(Br)c4)ncnc3cc21,CHEMBL39320,9.43,0.37,0.37
O=C(O)/C=C/C(=O)Nc1ccc2ncnc(Nc3cccc(Br)c3)c2c1,CHEMBL134371,9.43,0.37,0.37
Brc1cccc(Nc2ncnc3cc4[nH]ccc4cc23)c1,CHEMBL40734,9.41,0.39,0.39
C=CS(=O)(=O)c1cc2c(Nc3cccc(Br)c3)ncnc2cn1,CHEMBL336264,9.37,0.43,0.43
CN(C)CCCNC(=O)/C=C/C(=O)Nc1ccc2ncnc(Nc3cccc(Br)c3)c2c1,CHEMBL345109,9.36,0.44,0.44
CN(CC(=O)O)c1cc2c(Nc3cccc(Br)c3)ncnc2cn1,CHEMBL351629,9.36,0.44,0.44
Brc1cccc(Nc2ncnc3cc4[nH]ncc4cc23)c1,CHEMBL39337,9.36,0.44,0.44
Brc1cccc(Nc2ncnc3cc4[nH]ncc4cc23)c1,CHEMBL39337,9.36,0.44,0.44
Brc1cccc(Nc2ncnc3cc4[nH]ncc4cc23)c1,CHEMBL39337,9.36,0.44,0.44
Brc1cccc(Nc2ncnc3cc4[nH]ccc4cc23)c1,CHEMBL40734,9.36,0.44,0.44
Brc1cccc(Nc2ncnc3cc4[nH]ccc4cc23)c1,CHEMBL40734,9.36,0.44,0.44
CCN(CC)CC(O)CNC(=O)c1cc(C)c(/C=C2\C(=O)Nc3ncnc(Nc4ccc(F)c(Cl)c4)c32)[nH]1,CHEMBL304271,9.35,0.45,0.00045
Cl.Nc1ccc2c(c1)sc1c(Nc3cccc(Br)c3)ncnc12,CHEMBL539822,9.33,0.47,0.47
C/C=C/C(=O)Nc1cc2c(Nc3cccc(Br)c3)ncnc2cn1,CHEMBL136404,9.30,0.5,0.5
Brc1cccc(Nc2ncnc3cc(NCCCn4ccnc4)ncc23)c1,CHEMBL126791,9.29,0.51,0.51
C/C=C/C(=O)Nc1ccc2ncnc(Nc3cccc(Br)c3)c2c1,CHEMBL93464,9.26,0.55,0.55
O=C(/C=C/C(=O)Nc1cc2c(Nc3cccc(Br)c3)ncnc2cn1)NCCCn1ccnc1,CHEMBL342828,9.25,0.56,0.56
O=C(/C=C/C(=O)Nc1cc2c(Nc3ccc(F)c(Cl)c3)ncnc2cn1)NCCCN1CCOCC1,CHEMBL138940,9.21,0.61,0.61
O=C(O)CCNc1cc2ncnc(Nc3cccc(Br)c3)c2cn1,CHEMBL127086,9.21,0.61,0.61
O=C(/C=C/Cl)Nc1cc2c(Nc3cccc(Br)c3)ncnc2cn1,CHEMBL344177,9.16,0.69,0.69
C=CC(=O)Nc1ccc2ncnc(Nc3cccc(Br)c3)c2c1,CHEMBL285063,9.15,0.7,0.7
CN(CC(=O)O)Cc1c[nH]c2cc3ncnc(Nc4cccc(Br)c4)c3cc12,CHEMBL289213,9.14,0.72,0.72
CCN(CC)CCCNC(=O)/C=C/C(=O)Nc1cc2c(Nc3cccc(Br)c3)ncnc2cn1,CHEMBL434827,9.14,0.73,0.73
[O-][N+]1(CCCNc2cc3ncnc(Nc4cccc(Br)c4)c3cn2)CCOCC1,CHEMBL339416,9.13,0.74,0.74
CNc1ncc2ncnc(Nc3cccc(Br)c3)c2n1,CHEMBL299622,9.12,0.76,0.76
C=CS(=O)(=O)Nc1cc2c(Nc3cccc(Br)c3)ncnc2cn1,CHEMBL139095,9.12,0.76,0.76
Nc1ccc2ncnc(Nc3cccc(Br)c3)c2c1,CHEMBL52765,9.11,0.78,0.78
Cn1ccc2cc3c(Nc4cccc(Br)c4)ncnc3cc21,CHEMBL36727,9.10,0.8,0.8
Brc1cccc(Nc2ncnc3cnc(NCCN4CCOCC4)nc23)c1,CHEMBL294475,9.09,0.81,0.81
O=C(/C=C/C(=O)Nc1cc2c(Nc3cccc(Br)c3)ncnc2cn1)NCCCN1CCOCC1,CHEMBL136058,9.09,0.81,0.81
Brc1cccc(Nc2ncnc3cc(NCCc4c[nH]cn4)ncc23)c1,CHEMBL338114,9.04,0.91,0.91
C=CC(=O)Nc1cc2c(Nc3cccc(Br)c3)ncnc2cn1,CHEMBL51659,9.04,0.91,0.91
OCC(O)CNc1cc2ncnc(Nc3cccc(Br)c3)c2cn1,CHEMBL126372,9.04,0.92,0.92
OCCN(CCO)CCNc1cc2c(Nc3cccc(Br)c3)ncnc2cn1,CHEMBL165630,9.03,0.93,0.93
CN(C)c1ncc2ncnc(Nc3cccc(Br)c3)c2n1,CHEMBL53777,9.02,0.95,0.95
Cc1cccc(Nc2cc(NCCO)ncn2)c1,CHEMBL415738,9.00,1.0,1.0
COc1cc2ncnc(Nc3ccc(F)c(Cl)c3)c2cc1OCCCN1CCOCC1,CHEMBL939,9.00,1.0,0.001
Nc1cc2sc3c(Nc4cccc(Br)c4)ncnc3c2cc1F,CHEMBL153573,9.00,1.0,1.0
c1ccc(CCCN(c2cc3ncnc(Nc4ccc5[nH]ccc5c4)c3s2)n2ccnc2)cc1,CHEMBL312818,9.00,1.0,0.001
c1csc(-c2cc3ncnc(Nc4ccc5[nH]ccc5c4)c3s2)c1,CHEMBL76751,9.00,1.0,0.001
OCc1ccc(-c2cc3ncnc(Nc4ccc5[nH]ccc5c4)c3s2)cc1,CHEMBL312753,9.00,1.0,0.001
C#Cc1cccc(Nc2ncnc3cc(OCCOC)c(OCCOC)cc23)c1,CHEMBL553,9.00,1.0,0.001
CC(C)(CO)NCc1ccc(-c2cc3ncnc(Nc4ccc5[nH]ccc5c4)c3s2)cc1,CHEMBL308498,9.00,1.0,0.001
NC(=O)C1CCN(Cc2ccc(-c3cc4nccc(Nc5ccc6[nH]ccc6c5)c4s3)cc2)CC1,CHEMBL431977,9.00,1.0,0.001
CN(C)c1cc2c(Nc3ccc4c(cnn4Cc4ccccc4)c3)ncnc2cn1,CHEMBL30432,9.00,1.0,0.001
c1ccc(NCCN(c2cc3ncnc(Nc4ccc5[nH]ccc5c4)c3s2)n2cccc2)cc1,CHEMBL79215,9.00,1.0,0.001
c1csc(-c2cc3nccc(Nc4ccc5[nH]ccc5c4)c3s2)c1,CHEMBL310853,9.00,1.0,0.001
CN(C)CCCNC(=O)/C=C/C(=O)Nc1cc2c(Nc3cccc(Br)c3)ncnc2cn1,CHEMBL334801,8.96,1.1,1.1
Cc1cc(C(=O)NCCN2CCOCC2)[nH]c1/C=C1\C(=O)Nc2ncnc(Nc3ccc4c(ccn4Cc4ccccc4)c3)c21,CHEMBL264382,8.96,1.1,0.0011
CCO.CNc1ccc2sc3c(Nc4cccc(Br)c4)ncnc3c2c1,CHEMBL358934,8.96,1.1,1.1
C=C/C=C/C(=O)Nc1cc2c(Nc3cccc(Br)c3)ncnc2cn1,CHEMBL139044,8.96,1.1,1.1
COc1ccc2[nH]c3ncnc(Nc4cccc(Br)c4)c3c2c1,CHEMBL153206,8.92,1.2,1.2
OCCN(CCO)CCCNc1cc2ncnc(Nc3cccc(Br)c3)c2cn1,CHEMBL127058,8.92,1.2,1.2
CC(=O)/C=C/C(=O)Nc1ccc2ncnc(Nc3cccc(Br)c3)c2c1,CHEMBL136178,8.92,1.2,1.2
C=C(C)C(=O)Nc1ccc2ncnc(Nc3cccc(Br)c3)c2c1,CHEMBL92086,8.92,1.2,1.2
CCN(CC)CCNC(=O)c1cc(C)c(/C=C2\C(=O)Nc3ncnc(Nc4ccc(F)c(Cl)c4)c32)[nH]1,CHEMBL69358,8.92,1.2,0.0012
Brc1cccc(Nc2ncnc3cnc(NCCc4ccccn4)cc23)c1,CHEMBL162223,8.92,1.2,1.2
Brc1cccc(Nc2ncnc3ccc4cc[nH]c4c23)c1,CHEMBL153525,8.91,1.24,1.24
CNc1cc2ncnc(Nc3cccc(C)c3)c2cn1,CHEMBL127082,8.85,1.4,1.4
O=S(=O)(O)CCNc1cc2ncnc(Nc3cccc(Br)c3)c2cn1,CHEMBL128467,8.85,1.4,1.4
C=CS(=O)(=O)Nc1ccc2ncnc(Nc3cccc(Br)c3)c2c1,CHEMBL136511,8.85,1.4,1.4
CN(C)CCCNC(=O)/C=C/C(=O)N(C)c1cc2c(Nc3cccc(Br)c3)ncnc2cn1,CHEMBL136102,8.84,1.45,1.45
Nc1ncc2ncnc(Nc3cccc(Br)c3)c2n1,CHEMBL53831,8.82,1.5,1.5
O=C(O)CNc1cc2ncnc(Nc3cccc(Br)c3)c2cn1,CHEMBL338175,8.82,1.5,1.5
C=CC(=O)Nc1cc2c(Nc3ccc(F)c(Cl)c3)ncnc2cc1OCCCN1CCOCC1.Cl.Cl,CHEMBL545315,8.82,1.5,1.5
CCOC(=O)/C=C/C(=O)Nc1cc2c(Nc3cccc(Br)c3)ncnc2cn1,CHEMBL422292,8.82,1.5,1.5
Cc1cccc(Nc2ncnc3cnc(NCCN4CCOCC4)cc23)c1,CHEMBL165731,8.82,1.5,1.5
C=C(C)C(=O)Nc1cc2c(Nc3cccc(Br)c3)ncnc2cn1,CHEMBL138363,8.80,1.6,1.6
OCC(O)Cn1ccc2cc3c(Nc4cccc(Br)c4)ncnc3cc21,CHEMBL416611,8.80,1.6,1.6
C=C=CC(=O)Nc1ccc2ncnc(Nc3cccc(Br)c3)c2c1,CHEMBL343722,8.80,1.6,1.6
CN(CCO)CCNc1cc2c(Nc3cccc(Br)c3)ncnc2cn1,CHEMBL166255,8.77,1.7,1.7
O=C(/C=C/C(F)(F)F)Nc1ccc2ncnc(Nc3cccc(Br)c3)c2c1,CHEMBL135142,8.76,1.75,1.75
Cc1cc(C(=O)N2CCOCC2)[nH]c1/C=C1\C(=O)Nc2ncnc(Nc3ccc4c(cnn4Cc4ccccc4)c3)c21,CHEMBL67003,8.74,1.8,0.0018
Brc1cccc(Nc2ncnc3c2sc2ccccc23)c1,CHEMBL356850,8.74,1.8,1.8
CN(C)C/C=C/C(=O)Nc1cc2c(Nc3cccc(Br)c3)c(C#N)cnc2cn1,CHEMBL31276,8.72,1.9,1.9
Brc1cccc(Nc2ncnc3cc(NCCCN4CCOCC4)ncc23)c1,CHEMBL126623,8.72,1.9,1.9
C=CC(=O)Nc1ccc2ncnc(Nc3cccc(Br)c3)c2c1,CHEMBL285063,8.70,2.0,0.002
CC(=O)NCCNCc1ccc(-c2cc3nccc(Nc4ccc5[nH]ccc5c4)c3s2)cc1,CHEMBL418909,8.70,2.0,0.002
COc1cc2ncnc(Nc3ccc(F)c(Cl)c3)c2cc1OCCNCCN(C)C,CHEMBL56936,8.70,2.0,0.002
OCCNCc1ccc(-c2cc3nccc(Nc4ccc5[nH]ccc5c4)c3s2)cc1,CHEMBL310740,8.70,2.0,0.002
Cc1cccc(Nc2ncnc3c2sc2ccc(N)cc23)c1,CHEMBL155278,8.68,2.1,2.1
Brc1cccc(Nc2ncnc3cnc(NCCCn4ccnc4)nc23)c1,CHEMBL51228,8.64,2.3,2.3
Cc1cccc(Nc2ncnc3cnc(NCCN4CCOCC4)nc23)c1,CHEMBL299881,8.64,2.3,2.3
CN(C)CCCOC(=O)/C=C/C(=O)Nc1ccc2ncnc(Nc3cccc(Br)c3)c2c1,CHEMBL140561,8.62,2.4,2.4
C=CS(=O)(=O)Nc1cc2c(Nc3cccc(Br)c3)ncnc2cn1,CHEMBL139095,8.62,2.4,2.4
CN(C)Cc1c[nH]c2cc3ncnc(Nc4cccc(Br)c4)c3cc12,CHEMBL287007,8.59,2.6,2.6
CN(C)c1cc2c(Nc3cccc(Br)c3)ncnc2cn1,CHEMBL53711,8.59,2.6,2.6
CN(CCO)c1cc2ncnc(Nc3cccc(Br)c3)c2cn1,CHEMBL341319,8.59,2.6,2.6
C=CC(=O)Nc1ccc2ncnc(Nc3cccc(Br)c3)c2c1,CHEMBL285063,8.57,2.7,2.7
CCOC(=O)/C=C/C(=O)Nc1ccc2ncnc(Nc3cccc(Br)c3)c2c1,CHEMBL344486,8.57,2.7,2.7
CO.Nc1cccc2c1sc1c(Nc3cccc(Br)c3)ncnc12,CHEMBL151593,8.57,2.7,2.7
C=CS(=O)(=O)Nc1ccc2ncnc(Nc3cccc(Br)c3)c2c1,CHEMBL136511,8.57,2.7,2.7
C=CC(=O)N(CCCN1CCOCC1)c1cc2c(Nc3cccc(Br)c3)ncnc2cn1,CHEMBL137082,8.57,2.7,2.7
Cc1cc(C(=O)N2CCN(C)CC2)[nH]c1/C=C1\C(=O)Nc2ncnc(Nc3ccc(F)c(Cl)c3)c21,CHEMBL305246,8.55,2.8,0.0028
Brc1cccc(Nc2ncnc3cnc(NCCCN4CCOCC4)nc23)c1,CHEMBL417420,8.54,2.9,2.9
Cc1cccc(Nc2ncnc3cnc(NCCc4c[nH]cn4)nc23)c1,CHEMBL416307,8.52,3.0,3.0
CN(CCO)Cc1ccc(-c2cc3nccc(Nc4ccc5[nH]ccc5c4)c3s2)cc1,CHEMBL79206,8.52,3.0,0.003
c1ccc(-c2cc3ncnc(Nc4ccc5[nH]ccc5c4)c3s2)cc1,CHEMBL76432,8.52,3.0,0.003
c1cc(Nc2ccc3[nH]ccc3c2)c2sc(-c3ccc(CNCCN4CCNCC4)cc3)cc2n1,CHEMBL80540,8.52,3.0,0.003
CNc1ccc2ncnc(Nc3cccc(Br)c3)c2n1,CHEMBL53156,8.51,3.1,3.1
Cc1cccc(Nc2ncnc3cnc(N)cc23)c1,CHEMBL165495,8.51,3.1,3.1
Brc1cccc(Nc2ncnc3cnc(NCCN4CCOCC4)nc23)c1,CHEMBL294475,8.51,3.1,3.1
Brc1cccc(Nc2ncnc3cc(NCCN4CCOCC4)ncc23)c1,CHEMBL128987,8.49,3.2,3.2
CN(CC(O)CO)c1cc2ncnc(Nc3cccc(Br)c3)c2cn1,CHEMBL340700,8.49,3.2,3.2
CN(CC(O)C(O)C(O)C(O)CO)c1cc2ncnc(Nc3cccc(Br)c3)c2cn1,CHEMBL127611,8.49,3.2,3.2
C=CC(=O)N(CCCN1CCOCC1)c1ccc2ncnc(Nc3cccc(Br)c3)c2c1,CHEMBL139307,8.48,3.3,3.3
COC(=O)CN(C)Cc1c[nH]c2cc3ncnc(Nc4cccc(Br)c4)c3cc12,CHEMBL39715,8.47,3.4,3.4
C=CC(=O)Nc1cc2c(Nc3cccc(Br)c3)ncnc2cn1,CHEMBL51659,8.47,3.4,3.4
OCCN(CCO)Cc1c[nH]c2cc3ncnc(Nc4cccc(Br)c4)c3cc12,CHEMBL36164,8.46,3.5,3.5
Cc1cccc(Nc2ncnc3cc(NCCCn4ccnc4)ncc23)c1,CHEMBL340898,8.46,3.5,3.5
Brc1cccc(Nc2ncnc3cc4c(cnn4CCN4CCOCC4)cc23)c1,CHEMBL38199,8.43,3.7,3.7
Brc1cccc(Nc2ncnc3cc4c(ccn4CCN4CCOCC4)cc23)c1,CHEMBL40130,8.43,3.7,3.7
COc1ncc2ncnc(Nc3cccc(Br)c3)c2n1,CHEMBL51854,8.42,3.8,3.8
CN1CCN(NCCCNc2cc3c(Nc4cccc(Br)c4)ncnc3cn2)CC1,CHEMBL166307,8.41,3.9,3.9
CNc1ccc2c(Nc3cccc(Br)c3)ncnc2c1,CHEMBL92812,8.40,4.0,4.0
COc1cc2ncnc(NCc3ccccc3)c2cc1OC.Cl,CHEMBL545541,8.40,4.0,0.004
OCCOCCNCc1ccc(-c2cc3nccc(Nc4ccc5[nH]ccc5c4)c3s2)cc1,CHEMBL421326,8.40,4.0,0.004
COc1cc2ncnc(Nc3cccc(Br)c3)c2cc1OC,CHEMBL29197,8.40,4.0,0.004
Cc1cccc(Nc2ncnc3cnc(N(C)C)nc23)c1,CHEMBL52829,8.40,4.0,4.0
NCc1ccc(-c2cc3ncnc(Nc4ccc5[nH]ccc5c4)c3s2)cc1,CHEMBL78018,8.40,4.0,0.004
C=CC(=O)N(CCN(C)C)c1cc2c(Nc3cccc(Br)c3)ncnc2cn1,CHEMBL138691,8.38,4.2,4.2
COc1ccc2ncnc(Nc3cccc(Br)c3)c2n1,CHEMBL50519,8.37,4.3,4.3
CNc1ncc2ncnc(Nc3cccc(C)c3)c2n1,CHEMBL52591,8.37,4.3,4.3
Cc1cc(C(=O)N2CCOCC2)[nH]c1/C=C1\C(=O)Nc2ncnc(Nc3ccc4c(ccn4Cc4ccccc4)c3)c21,CHEMBL67057,8.35,4.5,0.0045
C=C[S+]([O-])c1cc2c(Nc3cccc(Br)c3)ncnc2cn1,CHEMBL345077,8.34,4.6,4.6
Cc1cc(CCC(=O)O)[nH]c1/C=C1\C(=O)Nc2ncnc(Nc3ccc(F)c(Cl)c3)c21,CHEMBL308645,8.33,4.7,0.0047
Brc1cccc(Nc2ncnc3cc4[nH]cc(CN5CCOCC5)c4cc23)c1,CHEMBL36967,8.32,4.8,4.8
OCC(O)C(O)C(O)C(O)CNc1cc2ncnc(Nc3cccc(Br)c3)c2cn1,CHEMBL129579,8.32,4.8,4.8
CN1CCN(CCCNc2cc3ncnc(Nc4cccc(Br)c4)c3cn2)CC1,CHEMBL340484,8.31,4.9,4.9
COc1cc2ncnc(Nc3cccc(C)c3)c2cc1OC,CHEMBL56802,8.30,5.0,5.0
CNCC(O)COc1cc2c(Nc3ccc(F)c(Cl)c3)ncnc2cc1OC,CHEMBL56266,8.30,5.0,0.005
CN(C)CCc1ccc(-c2cc3ncnc(Nc4ccc5[nH]ccc5c4)c3s2)cc1,CHEMBL77782,8.30,5.0,0.005
Cc1c[nH]c2ccc(Nc3ncnc4cc(-c5ccccc5)sc34)cc12,CHEMBL310827,8.30,5.0,0.005
c1ccc(CCCN(c2cc3ncnc(Nc4ccc5[nH]ccc5c4)c3s2)n2ccnc2)cc1,CHEMBL312818,8.30,5.0,0.005
COc1cc2ncnc(Nc3ccc(F)c(Cl)c3)c2cc1OCC(O)CN(CCO)CCO,CHEMBL299893,8.30,5.0,0.005
CC(=O)NCCNCc1ccc(-c2cc3ncnc(Nc4ccc5[nH]ccc5c4)c3s2)cc1,CHEMBL80809,8.30,5.0,0.005
Brc1cccc(Nc2ncnc3cnc(NCCc4c[nH]cn4)nc23)c1,CHEMBL53426,8.29,5.1,5.1
O=C(O)Cn1ccc2cc3c(Nc4cccc(Br)c4)ncnc3cc21,CHEMBL289162,8.29,5.1,5.1
Cc1cccc(Nc2ncnc3cc(NCCCCN(C)C)ncc23)c1,CHEMBL338215,8.27,5.4,5.4
Brc1cccc(Nc2ncnc3cc(NCCCCN4CCOCC4)ncc23)c1,CHEMBL126384,8.27,5.4,5.4
Cc1cccc(Nc2ncnc3cc(NCCCN4CCN(C)CC4)ncc23)c1,CHEMBL341522,8.25,5.6,5.6
Cc1cc(C(=O)N2CC(C)NC(C)C2)[nH]c1/C=C1\C(=O)Nc2ncnc(Nc3ccc(F)c(Cl)c3)c21,CHEMBL69071,8.23,5.9,0.0059
COc1cc2ncnc(Nc3cccc(Cl)c3)c2cc1OC,CHEMBL7917,8.22,6.0,0.006
COc1cc2ncnc(Nc3ccc(F)c(Cl)c3)c2cc1OCC(O)CN,CHEMBL56502,8.22,6.0,0.006
CN1CCN(c2cc3c(Nc4cccc(Br)c4)ncnc3cn2)CC1,CHEMBL162719,8.19,6.4,6.4
Cc1cc(C(=O)NCCN2CCOCC2)[nH]c1/C=C1\C(=O)Nc2ncnc(Nc3ccc(F)c(Cl)c3)c21,CHEMBL69629,8.19,6.5,0.0065
NC(=O)C1CCN(Cc2ccc(-c3cc4ncnc(Nc5ccc6[nH]ccc6c5)c4s3)cc2)CC1,CHEMBL311109,8.15,7.0,0.007
COc1cc2ncnc(Nc3ccc(F)c(Cl)c3)c2cc1OCCN(C)C,CHEMBL57759,8.15,7.0,0.007
NNc1cc2ncnc(Nc3cccc(Br)c3)c2cn1,CHEMBL340508,8.15,7.1,7.1
Cc1cccc(Nc2ncnc3cc(NCCc4c[nH]cn4)ncc23)c1,CHEMBL340399,8.14,7.2,7.2
CN(C)CCCCNc1cc2ncnc(Nc3cccc(Br)c3)c2cn1,CHEMBL129825,8.13,7.4,7.4
C=CC(=O)Nc1cc2c(Nc3ccc(F)c(Cl)c3)ncnc2cc1OCCCN1CCOCC1.Cl.Cl,CHEMBL545315,8.13,7.4,7.4
C=CC(=O)Nc1cc2c(Nc3ccc(F)c(Cl)c3)ncnc2cc1OCCCN1CCOCC1.Cl.Cl,CHEMBL545315,8.13,7.4,7.4
CN(C)CCN(C)Cc1c[nH]c2cc3ncnc(Nc4cccc(Br)c4)c3cc12,CHEMBL39811,8.12,7.5,7.5
Nc1ccc2ncnc(Nc3cccc(Br)c3)c2n1,CHEMBL300217,8.12,7.6,7.6
C/C=C/C(=O)Nc1cc2c(Nc3cccc(Br)c3)ncnc2cn1,CHEMBL136404,8.11,7.7,7.7
CCNc1cc2sc3c(Nc4cccc(Br)c4)ncnc3c2cc1F.CCO,CHEMBL357570,8.10,7.9,7.9
CS(=O)(=O)CCNc1nc(-c2ccc3ncnc(Nc4ccc(OCc5ccccc5)c(Cl)c4)c3c2)cs1,CHEMBL160846,8.10,8.0,0.008
COCCNCCOc1cc2c(Nc3ccc(F)c(Cl)c3)ncnc2cc1OC,CHEMBL56912,8.10,8.0,0.008
COc1cc2ncnc(Nc3ccc(F)c(Cl)c3)c2cc1OCC(O)Cn1ccnc1,CHEMBL60826,8.10,8.0,0.008
Oc1cc(O)c2c(O)c(-c3cccc(Cl)c3)cnc2c1,CHEMBL266995,8.10,8.0,0.008
CNCCOc1cc2c(Nc3ccc(F)c(Cl)c3)ncnc2cc1OC,CHEMBL293090,8.10,8.0,0.008
CC(C)(CO)NCc1ccc(-c2cc3ncnc(Nc4ccc5[nH]ccc5c4)c3s2)cc1,CHEMBL308498,8.10,8.0,0.008
Brc1cccc(Nc2ncnc3cnc(NCCc4ccccn4)cc23)c1,CHEMBL162223,8.09,8.1,8.1
Brc1cccc(Nc2ncnc3cc(NCCCN4CCOCC4)ncc23)c1,CHEMBL126623,8.09,8.1,8.1
CN(C)CCCCCNc1cc2ncnc(Nc3cccc(Br)c3)c2cn1,CHEMBL129824,8.08,8.4,8.4
CN(C)C/C=C/C(=O)Nc1cc2c(Nc3cccc(Br)c3)c(C#N)cnc2cn1,CHEMBL31276,8.07,8.6,8.6
C/C=C/C(=O)Nc1ccc2ncnc(Nc3cccc(Br)c3)c2c1,CHEMBL93464,8.06,8.7,8.7
O=C(/C=C/C(=O)Nc1cc2c(Nc3cccc(Br)c3)ncnc2cn1)NCCCN1CCOCC1,CHEMBL136058,8.06,8.8,8.8
O=C(/C=C/C(=O)Nc1cc2c(Nc3cccc(Br)c3)ncnc2cn1)NCCCN1CCOCC1,CHEMBL136058,8.06,8.8,8.8
CN(C)CCCNc1cc2ncnc(Nc3cccc(Br)c3)c2cn1,CHEMBL126893,8.06,8.8,8.8
Brc1cccc(Nc2ncnc3cc4c(cnn4CCCN4CCOCC4)cc23)c1,CHEMBL39355,8.06,8.8,8.8
CN1CCN(NCCCNc2cc3c(Nc4cccc(Br)c4)ncnc3cn2)CC1,CHEMBL166307,8.05,8.9,8.9
OCCCNCc1ccc(-c2cc3nccc(Nc4ccc5[nH]ccc5c4)c3s2)cc1,CHEMBL77452,8.05,9.0,0.009
COc1cc2ncnc(Nc3ccc(F)c(Cl)c3)c2cc1OC,CHEMBL301018,8.05,9.0,0.009
O=C(c1ccccc1)c1cc2ncnc(Nc3ccc4[nH]ccc4c3)c2s1,CHEMBL81712,8.05,9.0,0.009
O=C(/C=C/c1ccccc1)Nc1cc2c(Nc3cccc(Br)c3)ncnc2cn1,CHEMBL434828,8.04,9.1,9.1
OCCN(CCO)CCNc1cc2ncnc(Nc3cccc(Br)c3)c2cn1,CHEMBL435993,8.04,9.2,9.2
Cc1cccc(Nc2ncnc3cc(NCCCN4CCOCC4)ncc23)c1,CHEMBL129509,8.03,9.3,9.3
CCO.Nc1ccc2sc3c(Nc4ccccc4)ncnc3c2c1,CHEMBL357367,8.03,9.4,9.4
Brc1cccc(Nc2ncnc3cc4[nH]cc(CN5CCOCC5)c4cc23)c1,CHEMBL36967,8.02,9.6,9.6
CN(C)c1ccc2ncnc(Nc3cccc(Br)c3)c2n1,CHEMBL53796,8.02,9.6,9.6
COC(=O)CN(C)Cc1c[nH]c2cc3ncnc(Nc4cccc(Br)c4)c3cc12,CHEMBL39715,8.02,9.6,9.6
CN(C)Cc1c[nH]c2cc3ncnc(Nc4cccc(Br)c4)c3cc12,CHEMBL287007,8.01,9.7,9.7
C=CC(=O)Nc1ccc2ncc(C#N)c(Nc3cccc(Br)c3)c2c1,CHEMBL281300,8.01,9.7,9.7
CS(=O)(=O)CCNCc1ccc(-c2ccc3ncnc(Nc4ccc(OCc5cccc(F)c5)c(Cl)c4)c3c2)o1,CHEMBL554,8.00,10.0,0.01
COc1cc2ncnc(Nc3ccc(F)c(Cl)c3)c2cc1OCCN1CCOCC1,CHEMBL14699,8.00,10.0,0.01
COc1cc2ncnc(Sc3cccc(Cl)c3)c2cc1OC,CHEMBL135902,8.00,10.0,0.01
Nc1cc2ncnc(Nc3cccc(Br)c3)c2cn1,CHEMBL52076,8.00,10.0,0.01
COc1cc2ncnc(Nc3ccc(F)c(Cl)c3)c2cc1OCCN1CCN(C)CC1,CHEMBL300791,8.00,10.0,0.01
CS(=O)(=O)CCNc1nc(-c2ccc3ncnc(Nc4ccc(OCc5cccc(F)c5)c(Cl)c4)c3c2)cs1,CHEMBL155761,8.00,10.0,0.01
COc1nccc(-c2c(-c3ccc(F)cc3)ncn2C2CCNCC2)n1,CHEMBL95692,,10.0,10.0
Nc1cc2ncnc(Nc3cccc(Br)c3)c2cn1,CHEMBL52076,8.00,10.0,10.0
CN(C)C/C=C/C(=O)Nc1ccc2ncnc(Nc3cccc(Br)c3)c2c1,CHEMBL94061,7.96,11.0,0.011
CNc1ccc2ncnc(Nc3cccc(Br)c3)c2c1,CHEMBL50344,7.96,11.0,11.0
CN(C)/N=N/c1ccc2ncnc(Nc3cccc(Br)c3)c2c1,CHEMBL134312,7.96,11.0,0.011
C#Cc1cccc(Nc2ncnc3ccc(OCCCCNCCS(C)(=O)=O)cc23)c1,CHEMBL517907,7.96,11.0,11.0
Cc1cccc(Nc2ncnc3c2sc2ccc([N+](=O)[O-])cc23)c1.Cl,CHEMBL544867,7.96,11.0,11.0
Brc1cccc(Nc2ncnc3ccsc23)c1,CHEMBL345294,7.96,11.0,11.0
OCCN(CCO)c1cc2ncnc(Nc3cccc(Br)c3)c2cn1,CHEMBL128759,7.92,12.0,12.0
OCC(O)Cn1ncc2cc3c(Nc4cccc(Br)c4)ncnc3cc21,CHEMBL37543,7.92,12.0,12.0
CN(C)c1cc2c(Nc3cccc(Br)c3)ncnc2cn1,CHEMBL53711,7.92,12.0,12.0
Cl.O=[N+]([O-])c1ccc2sc3c(Nc4cccc(Br)c4)ncnc3c2c1,CHEMBL553351,7.91,12.3,12.3
COc1cccc2c1sc1c(Nc3cccc(Br)c3)ncnc12.Cl,CHEMBL555921,7.90,12.6,12.6
CNc1ncc2ncnc(Nc3ccccc3)c2n1,CHEMBL53310,7.89,13.0,13.0
C=CC(=O)N(C)c1cc2c(Nc3cccc(Br)c3)ncnc2cn1,CHEMBL334697,7.89,13.0,13.0
CCN1CCN(C(=O)c2cc(C)c(/C=C3\C(=O)Nc4ncnc(Nc5ccc(F)c(Cl)c5)c43)[nH]2)CC1,CHEMBL66570,7.89,13.0,0.013
COc1ccc2[nH]c3ncnc(Nc4cccc(Br)c4)c3c2c1,CHEMBL153206,7.89,13.0,13.0
CNc1cc2c(Nc3cccc(Br)c3)ncnc2cn1,CHEMBL53753,7.89,13.0,13.0
Cn1ncc2cc3c(Nc4cccc(Br)c4)ncnc3cc21,CHEMBL39320,7.89,13.0,13.0
CN(C)/N=N/c1ccc2ncnc(Nc3cccc(Cl)c3)c2c1,CHEMBL136491,7.85,14.0,0.014
O=C(/C=C/C(=O)Nc1cc2c(Nc3ccc(F)c(Cl)c3)ncnc2cn1)NCCCN1CCOCC1,CHEMBL138940,7.85,14.0,14.0
OCC(CO)Nc1cc2ncnc(Nc3cccc(Br)c3)c2cn1,CHEMBL125568,7.85,14.0,14.0
O=C(/C=C/C(=O)Nc1cc2c(Nc3cccc(Br)c3)ncnc2cn1)NCCCn1ccnc1,CHEMBL342828,7.85,14.0,14.0
O=C(/C=C/C(=O)Nc1cc2c(Nc3ccc(F)c(Cl)c3)ncnc2cn1)NCCCN1CCOCC1,CHEMBL138940,7.85,14.0,14.0
CN(C)c1cc2ncnc(Nc3cccc(Br)c3)c2cn1,CHEMBL53428,7.85,14.0,14.0
O=C(/C=C/C(=O)Nc1cc2c(Nc3cccc(Br)c3)ncnc2cn1)NCCCn1ccnc1,CHEMBL342828,7.85,14.0,14.0
CCOc1cc2ncc(C#N)c(Nc3ccc(F)c(Cl)c3)c2cc1NC(=O)/C=C/CN(C)C,CHEMBL607707,7.84,14.5,14.5
Nc1cc2ncnc(Nc3cccc(C(F)(F)F)c3)c2cn1,CHEMBL125810,7.82,15.0,0.015
CNc1cc2c(Nc3cccc(Br)c3)ncnc2cn1,CHEMBL53753,7.82,15.0,15.0
Nc1cc2c(Nc3cccc(Br)c3)ncnc2cn1,CHEMBL51853,7.80,16.0,16.0
CNc1cc2ncnc(Nc3cccc(Br)c3)c2cn1,CHEMBL54400,7.80,16.0,16.0
Brc1cccc(Nc2ncnc3cc4c(ccn4CCN4CCOCC4)cc23)c1,CHEMBL40130,7.80,16.0,16.0
CN(CC(=O)O)c1cc2ncnc(Nc3cccc(Br)c3)c2cn1,CHEMBL126903,7.80,16.0,16.0
C=C(C)C(=O)Nc1ccc2ncnc(Nc3cccc(Br)c3)c2c1,CHEMBL92086,7.80,16.0,16.0
Cc1cccc(Nc2ncnc3cnc(N)nc23)c1,CHEMBL298931,7.77,17.0,17.0
CN[C@H]1C[C@@H]2O[C@](C)([C@H]1OC)n1c3ccccc3c3c4c(c5c6ccccc6n2c5c31)C(=O)N[C@@H]4O,CHEMBL338049,7.77,17.0,0.017
C#Cc1cccc(Nc2ncnc3c2/C(=C/c2[nH]c(C(=O)NCCN4CCOCC4)cc2C)C(=O)N3)c1,CHEMBL69966,7.75,18.0,0.018
CO[C@H]1[C@@H]([N+](C)(C)C)C[C@@H]2O[C@@]1(C)n1c3ccccc3c3c4c(c5c6ccccc6n2c5c31)C(=O)NC4,CHEMBL335648,7.72,19.0,0.019
CN(C)c1ccc2sc3c(Nc4cccc(Br)c4)ncnc3c2c1,CHEMBL153739,7.70,19.8,19.8
Cc1cccc(Nc2ncnc3cnc(NCCN4CCOCC4)cc23)c1,CHEMBL165731,7.70,20.0,20.0
Brc1cccc(Nc2ncnc3cc4[nH]ncc4cc23)c1,CHEMBL39337,7.70,20.0,20.0
COc1cc2ncnc(Oc3cccc(Cl)c3)c2cc1OC,CHEMBL135853,7.70,20.0,0.02
CS(=O)(=O)CCNCCCCOc1ccc2ncnc(Nc3ccc(F)c(Cl)c3)c2c1,CHEMBL460731,7.70,20.0,20.0
COc1cccc2sc3c(Nc4cccc(Br)c4)ncnc3c12.Cl,CHEMBL542755,7.70,20.0,20.0
CNc1ccc2ncnc(Nc3cccc(Br)c3)c2n1,CHEMBL53156,7.70,20.0,20.0
O=C(/C=C/Cl)Nc1cc2c(Nc3cccc(Br)c3)ncnc2cn1,CHEMBL344177,7.70,20.0,20.0
CN(C)c1cc2c(Nc3cccc(Br)c3)ncnc2cn1,CHEMBL53711,7.68,21.0,21.0
CN(C)c1cc2c(Nc3cccc(Br)c3)ncnc2cn1,CHEMBL53711,7.68,21.0,21.0
CCN(CC)CCCNC(=O)/C=C/C(=O)Nc1cc2c(Nc3cccc(Br)c3)ncnc2cn1,CHEMBL434827,7.68,21.0,21.0
CCN(CC)CCCNC(=O)/C=C/C(=O)Nc1cc2c(Nc3cccc(Br)c3)ncnc2cn1,CHEMBL434827,7.68,21.0,21.0
CN(C)CCCn1ccc2cc3c(Nc4cccc(Br)c4)ncnc3cc21,CHEMBL287289,7.68,21.0,21.0
O=C1Nc2ncnc(Nc3ccc(F)c(Cl)c3)c2/C1=C/c1ccc(C(=O)NCCN2CCOCC2)[nH]1,CHEMBL302552,7.66,22.0,0.022
CN(C)c1ncc2ncnc(Nc3cccc(Br)c3)c2n1,CHEMBL53777,7.66,22.0,22.0
Cn1ccc2cc3c(Nc4cccc(Br)c4)ncnc3cc21,CHEMBL36727,7.66,22.0,22.0
Brc1cccc(Nc2ncnc3cc4[nH]ccc4cc23)c1,CHEMBL40734,7.66,22.0,22.0
Clc1cccc(Nc2ncnc3ccccc23)c1,CHEMBL329672,7.64,23.0,23.0
COc1cc2ncnc(Nc3ccc(F)c(Cl)c3)c2cc1OCCCN1CCOCC1,CHEMBL939,7.64,23.0,0.023
Cc1cccc(Nc2ncnc3ccc(/N=N/N(C)C)cc23)c1,CHEMBL133023,7.62,24.0,0.024
CS(=O)(=O)CCNCCCCOc1ccc2ncnc(Nc3ccc4c(cnn4Cc4cccc(F)c4)c3)c2c1,CHEMBL493428,7.62,24.0,24.0
Brc1cccc(Nc2ncnc3ccc(N/N=N/Cc4ccccc4)cc23)c1,CHEMBL424093,7.60,25.0,0.025
COc1cc2ncnc(Nc3cccc(F)c3)c2cc1OC.Cl,CHEMBL541586,7.60,25.0,0.025
CN(CCO)CCNc1cc2c(Nc3cccc(Br)c3)ncnc2cn1,CHEMBL166255,7.57,27.0,27.0
CS(=O)(=O)CCNCCCCOc1ccc2ncnc(Nc3ccc(OCc4cccc(F)c4)c(Cl)c3)c2c1,CHEMBL514436,7.57,27.0,27.0
C=C/C=C/C(=O)Nc1cc2c(Nc3cccc(Br)c3)ncnc2cn1,CHEMBL139044,7.57,27.0,27.0
Brc1cccc(Nc2ncnc3ccccc23)c1,CHEMBL290096,7.57,27.0,27.0
Cc1cc(C(=O)O)[nH]c1/C=C1\C(=O)Nc2ncnc(Nc3ccc(F)c(Cl)c3)c21,CHEMBL305194,7.54,29.0,0.029
Brc1cccc(Nc2ncnc3ccc4[nH]cnc4c23)c1,CHEMBL153170,7.54,29.0,29.0
c1cc(Nc2ccc3[nH]ccc3c2)c2sc(-c3ccc(CN4CCOCC4)cc3)cc2n1,CHEMBL312482,7.52,30.0,0.03
COc1cc2ncnc(Nc3cccc(Cl)c3)c2cc1OC.Cl,CHEMBL540068,7.52,30.0,0.03
CNc1ncc2ncnc(Nc3cccc(Br)c3)c2n1,CHEMBL299622,7.52,30.0,30.0
COc1cccc(Nc2ncc3cc(-c4c(Cl)cccc4Cl)c(=O)n(C)c3n2)c1,CHEMBL111197,7.52,30.0,0.03
COc1ccc2ncnc(Nc3cccc(Br)c3)c2c1,CHEMBL52197,7.52,30.0,30.0
Brc1cccc(Nc2[nH]cnc3nc4ccccc4c2-3)c1,CHEMBL423224,7.51,31.0,31.0
CO[C@H]1[C@@H](N(C)CC(=O)O)C[C@@H]2O[C@@]1(C)n1c3ccccc3c3c4c(c5c6ccccc6n2c5c31)C(=O)NC4,CHEMBL132348,7.51,31.0,0.031
CN(C)c1ccc2ncnc(Nc3cccc(Br)c3)c2n1,CHEMBL53796,7.50,32.0,32.0
CCO.CNc1ccc2sc3c(Nc4cccc(Br)c4)ncnc3c2c1,CHEMBL358934,7.48,33.0,33.0
CN(C)CCNc1ncc2ncnc(Nc3cccc(Br)c3)c2n1,CHEMBL54067,7.46,35.0,35.0
CS(=O)(=O)CCNc1nc(-c2ccc3ncnc(Nc4ccc(F)c(Cl)c4)c3c2)cs1,CHEMBL157084,7.46,35.0,0.035
O=C(/C=C/C(F)(F)F)Nc1ccc2ncnc(Nc3cccc(Br)c3)c2c1,CHEMBL135142,7.46,35.0,35.0
COc1cc2ncnc(Nc3ccc(F)c(Cl)c3)c2cc1OCCN(CCO)CCO,CHEMBL56505,7.46,35.0,0.035
Brc1cccc(Nc2ncnc3sccc23)c1,CHEMBL355982,7.46,35.0,35.0
Brc1cccc(Nc2ncnc3cc(NCCN4CCOCC4)ncc23)c1,CHEMBL128987,7.44,36.0,36.0
CN(C)C/C=C/C(=O)Nc1ccc2ncc(C#N)c(Nc3cccc(Br)c3)c2c1,CHEMBL30973,7.43,37.2,37.2
COc1cc(O)c2c(O)c(-c3cccc(Cl)c3)cnc2c1,CHEMBL440453,7.42,38.0,0.038
CN(C)CC/N=N/Nc1ccc2ncnc(Nc3cccc(Br)c3)c2c1,CHEMBL137534,7.42,38.0,0.038
C/N=N/Nc1ccc2ncnc(Nc3cccc(Br)c3)c2c1,CHEMBL137617,7.41,39.0,0.039
c1csc(-c2cc3ncnc(Nc4ccc5[nH]ccc5c4)c3s2)c1,CHEMBL76751,7.41,39.0,0.039
Nc1cc2ncnc(Nc3cccc([N+](=O)[O-])c3)c2cn1,CHEMBL124673,7.40,40.0,0.04
C#Cc1cccc(Nc2ncnc3c2/C(=C/c2[nH]c(C(=O)NCCN4CCOCC4)cc2C)C(=O)N3)c1,CHEMBL69966,7.40,40.0,0.04
CN(C)CCn1ncc2cc3c(Nc4cccc(Br)c4)ncnc3cc21,CHEMBL287832,7.40,40.0,40.0
Brc1cccc(Nc2ncnc3c2sc2ncsc23)c1.CO,CHEMBL346863,7.40,40.0,40.0
Cc1cc(C(=O)NCCN2CCOCC2)[nH]c1/C=C1\C(=O)Nc2ncnc(Nc3ccc(F)c(Cl)c3)c21,CHEMBL69629,7.40,40.0,0.04
CN(C)CCN(C)c1cc2ncnc(Nc3cccc(Br)c3)c2cn1,CHEMBL126137,7.40,40.0,40.0
Cc1cccc(Nc2ncnc3cc(N)ncc23)c1,CHEMBL331792,7.40,40.0,0.04
Cc1cc(C(=O)N2CCOCC2)[nH]c1/C=C1\C(=O)Nc2ncnc(Nc3ccc(F)c(Cl)c3)c21,CHEMBL69960,7.40,40.0,0.04
CN(C)CCn1ccc2cc3c(Nc4cccc(Br)c4)ncnc3cc21,CHEMBL37373,7.39,41.0,41.0
Cc1cc(C)c(/C=C2\C(=O)Nc3ncnc(Nc4ccc(F)c(Cl)c4)c32)[nH]1,CHEMBL68920,7.39,41.0,0.041
Nc1cc2sc3c(Nc4cccc(Br)c4)ncnc3c2cc1F,CHEMBL153573,7.38,42.0,42.0
CC[N+](C)(C)[C@H]1C[C@@H]2O[C@](C)([C@H]1OC)n1c3ccccc3c3c4c(c5c6ccccc6n2c5c31)C(=O)NC4,CHEMBL340611,7.37,43.0,0.043
Nc1ccc2ncnc(Nc3cccc(Br)c3)c2c1,CHEMBL52765,7.36,44.0,0.044
C=C(C)C(=O)Nc1cc2c(Nc3cccc(Br)c3)ncnc2cn1,CHEMBL138363,7.36,44.0,44.0
C#Cc1cccc(Nc2ncnc3ccc(OCCCCNCCS(C)(=O)=O)cc23)c1,CHEMBL517907,7.35,45.0,0.045
CN(C)CCNc1cc2ncnc(Nc3cccc(Br)c3)c2cn1,CHEMBL128432,7.35,45.0,45.0
Nc1ccc2sc3c(Nc4cccc(C(F)(F)F)c4)ncnc3c2c1,CHEMBL347282,7.33,47.0,47.0
Cl.O=[N+]([O-])c1ccc2c(c1)sc1c(Nc3cccc(Br)c3)ncnc12,CHEMBL540590,7.32,48.0,48.0
OCC(O)Cn1ccc2cc3c(Nc4cccc(Br)c4)ncnc3cc21,CHEMBL416611,7.31,49.0,49.0
COc1cc2ncnc(Nc3ccc(F)c(Cl)c3)c2cc1OCCCN(C)C,CHEMBL57990,7.31,49.0,0.049
Cl.Clc1cccc(Nc2ncnc3ccccc23)c1,CHEMBL555321,7.30,50.0,0.05
COc1cc2c(Nc3ccc(Br)cc3F)ncnc2cc1OCCn1ccnn1,CHEMBL281872,7.30,50.0,0.05
COc1cc2ncnc(Nc3ccccc3)c2cc1OC.Cl,CHEMBL542484,7.30,50.0,0.05
CCOC(=O)/C=C/C(=O)Nc1cc2c(Nc3cccc(Br)c3)ncnc2cn1,CHEMBL422292,7.29,51.0,51.0
Nc1ccc2ncnc(Nc3cccc(Br)c3)c2n1,CHEMBL300217,7.28,53.0,53.0
O=C(O)Cn1ncc2cc3c(Nc4cccc(Br)c4)ncnc3cc21,CHEMBL36819,7.28,53.0,53.0
CN(C)CCCNC(=O)/C=C/C(=O)Nc1cc2c(Nc3cccc(Br)c3)ncnc2cn1,CHEMBL334801,7.24,57.0,57.0
CCN(CC)CCCOc1cc2c(Nc3ccc(F)c(Cl)c3)ncnc2cc1OC,CHEMBL55425,7.24,57.0,0.057
CN(C)CCCNC(=O)/C=C/C(=O)Nc1cc2c(Nc3cccc(Br)c3)ncnc2cn1,CHEMBL334801,7.24,57.0,57.0
Cl.O=[N+]([O-])c1ccc2sc3c(Nc4ccccc4)ncnc3c2c1,CHEMBL544868,7.24,58.0,58.0
CN(C)CCCNC(=O)/C=C/C(=O)Nc1ccc2ncnc(Nc3cccc(Br)c3)c2c1,CHEMBL345109,7.23,59.0,59.0
CN(C)CCCNC(=O)/C=C/C(=O)Nc1ccc2ncnc(Nc3cccc(Br)c3)c2c1,CHEMBL345109,7.23,59.0,59.0
COCCN(CCOC)CCOc1cc2c(Nc3ccc(F)c(Cl)c3)ncnc2cc1OC,CHEMBL294395,7.21,61.0,0.061
CCOC(=O)/C=C/C(=O)Nc1ccc2ncnc(Nc3cccc(Br)c3)c2c1,CHEMBL344486,7.19,64.0,64.0
COC(=O)Cn1cc(-c2cccc(Cl)c2)c(=O)c2c(O)cc(OC)cc21,CHEMBL7866,7.19,64.0,0.064
Brc1cccc(Nc2ncnc3ccc(N/N=N/CCN4CCOCC4)cc23)c1,CHEMBL137364,7.19,64.0,0.064
COc1cc2ncnc(Nc3ccc(F)c(Cl)c3)c2cc1OCCn1ccnc1,CHEMBL294034,7.18,66.0,0.066
COc1ccccc1Nc1ncc2cc(-c3c(Cl)cccc3Cl)c(=O)n(C)c2n1,CHEMBL320705,7.18,66.0,0.066
COc1cc2ncnc(Nc3ccc(F)c(Cl)c3)c2cc1OC[C@H](O)CN1CCOCC1,CHEMBL1788321,7.17,67.0,0.067
COc1ccc2ncnc(Nc3ccc(OCc4ccccc4)cc3)c2c1,CHEMBL15202,7.17,68.0,68.0
c1ccc(-c2cc3ncnc(Nc4ccc5[nH]ccc5c4)c3s2)cc1,CHEMBL76432,7.17,68.0,0.068
COc1cc2ncnc(Nc3ccc(F)c(Cl)c3)c2cc1OCCNC(C)(CO)CO,CHEMBL56027,7.16,69.0,0.069
COc1cc2ncnc(Oc3cccc(Br)c3)c2cc1OC,CHEMBL98798,7.16,70.0,0.07
COc1cc2c(Nc3cc(O)c(Cl)cc3F)ncnc2cc1OCC1CCN(C)CC1.Cl,CHEMBL2448066,7.16,70.0,0.07
COc1cc2ncnc(Nc3cccc(Br)c3)c2cc1OC,CHEMBL29197,7.16,70.0,0.07
Nc1cc2ncnc(Nc3cccc(O)c3)c2cn1,CHEMBL123322,7.16,70.0,0.07
CS(=O)(=O)CCNCCCCOc1ccc2ncnc(Nc3ccc(F)c(Cl)c3)c2c1,CHEMBL460731,7.15,71.0,0.071
COc1cc2ncnc(Nc3ccc(F)c(Cl)c3)c2cc1OCCCN1CCCC1,CHEMBL299672,7.15,71.0,0.071
COCC/N=N/Nc1ccc2ncnc(Nc3cccc(Br)c3)c2c1,CHEMBL136674,7.15,71.0,0.071
CS(=O)(=O)CCNc1nc(-c2ccc3ncnc(Nc4ccc5c(cnn5Cc5ccccc5)c4)c3c2)cs1,CHEMBL160303,7.15,71.0,0.071
OCCN(CCO)CCNc1cc2c(Nc3cccc(Br)c3)ncnc2cn1,CHEMBL165630,7.15,71.0,71.0
Brc1cccc(Nc2ncnc3c2[nH]c2ccccc23)c1.Cl,CHEMBL6195771,7.14,72.0,72.0
CS(=O)(=O)CCNCCCCOc1ccc2ncnc(Nc3ccc(OCc4ccccc4)cc3)c2c1,CHEMBL15346,7.13,74.0,74.0
C=CC(=O)Nc1cc2c(Nc3ccc(F)c(Cl)c3)ncnc2cc1OCCCN1CCOCC1,CHEMBL31965,7.13,74.0,0.074
O=C(NCCCCOc1ccc2ncnc(Nc3ccc(OCc4ccccc4)cc3)c2c1)C(F)(F)F,CHEMBL14627,7.13,74.0,74.0
COc1cc2c(Nc3ccc(Cl)cc3F)ncnc2cc1OCCCN1CCN(C)CC1.Cl,CHEMBL1744347,7.12,75.0,0.075
O=C(/C=C/c1ccccc1)Nc1cc2c(Nc3cccc(Br)c3)ncnc2cn1,CHEMBL434828,7.11,77.0,77.0
Brc1cccc(Nc2ncnc3cc4c(cnn4CCCN4CCOCC4)cc23)c1,CHEMBL39355,7.11,77.0,77.0
C=CCOc1ccc2ncnc(Nc3ccc(OCc4ccccc4)cc3)c2c1,CHEMBL540701,7.10,79.0,79.0
COc1cc2ncnc(Nc3ccc(F)c(Cl)c3)c2cc1OCCCN1CCCCC1,CHEMBL291514,7.10,79.0,0.079
Cn1c(=O)c(-c2c(Cl)cccc2Cl)cc2cnc(Nc3ccc(CCCC(=O)O)cc3)nc21,CHEMBL113070,7.10,80.0,0.08
C=CC(=O)Nc1cc2c(Nc3ccc(F)c(Cl)c3)c(C#N)cnc2cc1OCCCN1CCOCC1,CHEMBL95774,7.10,80.0,0.08
COc1cc2c(Nc3ccc(Cl)cc3F)ncnc2cc1OC/C=C/CN1CCCC1.Cl,CHEMBL1744349,7.10,80.0,0.08
CCOc1cc2ncc(C#N)c(Nc3ccc(F)c(Cl)c3)c2cc1NC(=O)/C=C/CN(C)C,CHEMBL607707,7.10,80.0,0.08
COc1cc2c(Nc3ccc(Br)cc3F)ncnc2cc1OCCC1CCNCC1,CHEMBL26641,7.10,80.0,0.08
COc1ccc2c(c1)sc1c(Nc3cccc(Br)c3)ncnc12,CHEMBL346846,7.10,80.0,80.0
Nc1ncnc2c1c(-c1cccc(O)c1)cn2C1CCCC1,CHEMBL169390,7.10,80.0,0.08
CS(=O)(=O)CCNc1nc(-c2ccc3ncnc(Nc4ccc(OCc5cccc(F)c5)c(Cl)c4)c3c2)cs1,CHEMBL155761,7.10,80.0,0.08
CN(C)CCN(C)Cc1c[nH]c2cc3ncnc(Nc4cccc(Br)c4)c3cc12,CHEMBL39811,7.09,81.0,81.0
Clc1ncc2ncnc(Nc3cccc(Br)c3)c2n1,CHEMBL53311,7.09,82.0,82.0
CS(=O)(=O)CCNc1nc(-c2ccc3ncnc(Nc4ccc(OCc5ccccc5)cc4)c3c2)cs1,CHEMBL422347,7.09,82.0,0.082
COc1nccc(-c2c(-c3ccc(F)cc3)ncn2[C@H]2CC[C@H](O)CC2)n1,CHEMBL97162,7.08,83.0,83.0
CCOc1cc2ncc(C#N)c(Nc3ccc(F)c(Cl)c3)c2cc1NC(=O)/C=C/CN(C)C,CHEMBL607707,7.08,83.0,0.083
CN(C)c1ccc2ncnc(Nc3cccc(Br)c3)c2c1,CHEMBL52015,7.08,84.0,84.0
CCNc1cc2sc3c(Nc4cccc(Br)c4)ncnc3c2cc1F.CCO,CHEMBL357570,7.07,85.0,85.0
Nc1ccc2sc3c(Nc4cccc(Br)c4)ncnc3c2c1,CHEMBL152905,7.07,86.0,86.0
C=CC(=O)Nc1ccc2ncc(C#N)c(Nc3cccc(Br)c3)c2c1,CHEMBL281300,7.06,86.9,86.9
COc1cc2ncnc(Nc3ccc(F)c(Cl)c3)c2cc1OCCN1CCCC1,CHEMBL57758,7.06,87.0,0.087
Cn1c(=O)c(-c2c(Cl)cccc2Cl)cc2cnc(Nc3cccc(CO)c3)nc21,CHEMBL327127,7.05,90.0,0.09
Nc1cc2ncnc(Nc3ccc(Br)cc3)c2cn1,CHEMBL338625,7.05,90.0,0.09
COc1cc2c(Nc3ccc(Cl)cc3F)ncnc2cc1OC/C=C/CN1CCCC1.Cl,CHEMBL1744349,7.05,90.0,0.09
COc1cc2c(Nc3ccc(Br)cc3F)ncnc2cc1OCCCN1CCN(C)CC1.Cl,CHEMBL1202477,7.05,90.0,0.09
COc1cc2ncc(C#N)c(Nc3cccc(Br)c3)c2cc1NC(=O)C#CCN(C)C,CHEMBL116853,7.05,90.0,0.09
COc1cc2c(Nc3ccc(Br)cc3F)ncnc2cc1OC/C=C/CN1CCCC1.Cl,CHEMBL1202478,7.05,90.0,0.09
CS(=O)(=O)CCNCCCCOc1ccc2ncnc(Nc3ccc(S(=O)(=O)c4ccccc4)cc3)c2c1,CHEMBL460732,7.03,93.0,93.0
CCN(CC)CCOc1cc2c(Nc3ccc(F)c(Cl)c3)ncnc2cc1OC,CHEMBL293064,7.03,93.0,0.093
Brc1cccc(Nc2ncnc3c2[nH]c2ccccc23)c1.Cl,CHEMBL6195771,7.03,93.0,93.0
O=S(=O)(CCO)c1cc2c(Nc3cccc(Br)c3)ncnc2cn1,CHEMBL335440,7.03,93.5,93.5
CN(C)c1ccc(Nc2ncnc3cc(-c4ccccc4)sc23)cc1,CHEMBL306732,7.03,94.0,0.094
O=c1c(-c2cccc(Cl)c2)coc2cc(O)cc(O)c12,CHEMBL7827,7.02,95.0,0.095
COc1cc2ncnc(Nc3ccc(F)c(Cl)c3)c2cc1OC[C@@H](O)CN1CCOCC1,CHEMBL1744086,7.02,95.0,0.095
CCOc1cc2ncc(C#N)c(Nc3ccc(F)c(Cl)c3)c2cc1NC(=O)/C=C/CN(C)C,CHEMBL607707,7.01,97.6,97.6
COc1cc2ncnc(Nc3ccc(F)c(Cl)c3)c2cc1OCCN1CCCCC1,CHEMBL56142,7.01,98.0,0.098
Oc1ccc2ncnc(Nc3ccc(OCc4ccccc4)cc3)c2c1,CHEMBL14932,7.01,98.0,98.0
Cc1cccc(Nc2ncnc3c2sc2ccc(N)cc23)c1,CHEMBL155278,7.01,98.0,98.0
COCCOc1cc2ncnc(Nc3ccc(Cl)cc3F)c2cc1OC,CHEMBL286160,7.00,100.0,0.1
C/N=N/Nc1ccc2ncnc(Nc3cccc(Cl)c3)c2c1,CHEMBL133024,7.00,100.0,0.1
COc1cc2c(Nc3ccc(Cl)cc3F)ncnc2cc1OCC1CCNCC1.Cl,CHEMBL2448064,7.00,100.0,0.1
COc1cc2/c(=N/c3ccc(Br)cc3F)nc[nH]c2cc1OCC1CCN(C)CC1,CHEMBL24828,7.00,100.0,0.1
CN[C@@H]1C[C@H]2O[C@@](C)([C@@H]1OC)n1c3ccccc3c3c4c(c5c6ccccc6n2c5c31)C(=O)NC4,CHEMBL388978,7.00,100.0,0.1
COc1cc2c(Nc3ccc(Br)cc3F)ncnc2cc1OC[C@H]1CCCN(C)C1,CHEMBL1907944,7.00,100.0,0.1
Cc1cc(C(=O)N2CCN(C)CC2)[nH]c1/C=C1\C(=O)Nc2ncnc(Nc3ccc(F)c(Cl)c3)c21,CHEMBL305246,7.00,100.0,0.1
COCCOc1cc2ncnc(Nc3ccc(Cl)cc3F)c2cc1OC,CHEMBL286160,7.00,100.0,0.1
COc1cc2c(Nc3cc(O)c(Cl)cc3F)ncnc2cc1OCC1CCN(C)CC1.Cl,CHEMBL2448066,7.00,100.0,0.1
COc1cc2c(Nc3ccc(Cl)cc3F)ncnc2cc1OCCCN1CCOCC1,CHEMBL24137,7.00,100.0,0.1
COc1cc2c(Nc3ccc(Cl)cc3F)ncnc2cc1OC[C@@H]1CCCN(C)C1,CHEMBL1907763,7.00,100.0,0.1
COc1cc2c(Nc3ccc(Br)cc3F)ncnc2cc1OC/C=C/CN1CCCC1.Cl,CHEMBL1202478,7.00,100.0,0.1
Cc1cc2cc(Nc3ncnc4cc(-c5ccccc5)sc34)ccc2[nH]1,CHEMBL80302,7.00,100.0,0.1
Cc1cc(C(=O)N2CCOCC2)[nH]c1/C=C1\C(=O)Nc2ncnc(Nc3ccc4c(cnn4Cc4ccccc4)c3)c21,CHEMBL67003,7.00,100.0,0.1
N#C/C(=C\c1ccc(O)c(O)c1)C(=O)NCc1ccccc1,CHEMBL56543,7.00,100.0,0.1
COc1cc2c(Nc3ccc(Cl)cc3F)ncnc2cc1OCC1CCN(C)CC1.Cl,CHEMBL2448065,7.00,100.0,0.1
COc1cc2c(Nc3ccc(Cl)cc3F)ncnc2cc1OCCCN1CCN(C)CC1.Cl,CHEMBL1744347,7.00,100.0,0.1
COc1cc2ncnc(Nc3ccc(F)c(Cl)c3)c2cc1OCCNC(C)(C)C,CHEMBL57892,7.00,100.0,0.1
COc1cc2c(Nc3ccc(Br)cc3F)ncnc2cc1OCCCN1CCN(C)CC1.Cl,CHEMBL1202477,7.00,100.0,0.1
COc1ccc2ncnc(Nc3cc(OC)c(OC)c(OC)c3)c2c1.Cl,CHEMBL542729,7.00,100.0,0.1
COc1cc2c(Nc3ccc(Cl)cc3F)ncnc2cc1OCCCN1CCCC1.Cl,CHEMBL2448067,7.00,100.0,0.1
COc1cc2c(Nc3ccc(Cl)cc3F)ncnc2cc1OCCCN1CCCC1.Cl,CHEMBL2448067,7.00,100.0,0.1
Cc1cc(C(=O)N2CCOCC2)[nH]c1/C=C1\C(=O)Nc2ncnc(Nc3ccc4c(ccn4Cc4ccccc4)c3)c21,CHEMBL67057,7.00,100.0,0.1
COc1cc2ncnc(Nc3ccc(O)cc3)c2cc1OC.Cl,CHEMBL555201,7.00,100.0,0.1
CS(=O)(=O)CCNCCCOc1ccc2ncnc(Nc3ccc(OCc4ccccc4)cc3)c2c1,CHEMBL14952,6.98,104.0,104.0
CN(C)CCCOC(=O)/C=C/C(=O)Nc1ccc2ncnc(Nc3cccc(Br)c3)c2c1,CHEMBL140561,6.97,108.0,108.0
CN(C)CCCOC(=O)/C=C/C(=O)Nc1ccc2ncnc(Nc3cccc(Br)c3)c2c1,CHEMBL140561,6.97,108.0,108.0
CS(=O)(=O)CCNc1nc(-c2ccc3ncnc(Nc4ccc5c(cnn5Cc5ccccc5)c4)c3c2)cs1,CHEMBL160303,6.96,110.0,0.11
CO[C@H]1[C@@H](N(C)C(=O)c2ccc(C(=O)O)cc2)C[C@@H]2O[C@@]1(C)n1c3ccccc3c3c4c(c5c6ccccc6n2c5c31)C(=O)NC4,CHEMBL435809,6.96,110.0,0.11
Nc1cc2ncnc(Nc3cccc(Br)c3)c2cn1,CHEMBL52076,6.96,110.0,110.0
Cc1nc(Nc2cccc(Br)c2)c2cc(NCCN3CCOCC3)ncc2n1,CHEMBL165228,6.93,117.0,117.0
Nc1cc2ncnc(Nc3cccc(Cl)c3)c2cn1,CHEMBL124528,6.92,120.0,0.12
COc1cc2ncnc(Nc3cccc(Cl)c3)c2cc1OC,CHEMBL7917,6.92,120.0,0.12
C=C=CC(=O)Nc1ccc2ncnc(Nc3cccc(Br)c3)c2c1,CHEMBL343722,6.92,120.0,120.0
CN(C)C/C=C/C(=O)Nc1ccc2ncc(C#N)c(Nc3cccc(Br)c3)c2c1,CHEMBL30973,6.91,122.9,122.9
N#CC(C#N)=C(N)/C(C#N)=C/c1ccc(O)cc1,CHEMBL76589,6.90,125.0,0.125
CCCN(CC#CC(=O)Nc1ccc2ncc(C#N)c(Nc3cccc(Br)c3)c2c1)CCC,CHEMBL115187,6.89,130.0,0.13
COc1cccc(Nc2ncnc3cc(N)ncc23)c1,CHEMBL334173,6.89,130.0,0.13
Cl.Cn1c2ccccc2c2ncnc(Nc3cccc(Br)c3)c21,CHEMBL553137,6.88,132.0,132.0
OCCN(CCO)Cc1c[nH]c2cc3ncnc(Nc4cccc(Br)c4)c3cc12,CHEMBL36164,6.87,135.0,135.0
Cc1cc2cc(Nc3ccnc4cc(-c5ccc(CN(C)CCO)cc5)sc34)ccc2[nH]1,CHEMBL81375,6.85,140.0,0.14
CN(C)CCn1ccc2cc3c(Nc4cccc(Br)c4)ncnc3cc21,CHEMBL37373,6.84,145.0,145.0
Nc1nc(Nc2cccc(Br)c2)c2c(n1)[nH]c1ccccc12,CHEMBL345988,6.83,147.0,147.0
COc1cc2c(Nc3ccc(Cl)cc3F)ncnc2cc1OC[C@@H]1CCCN(C)C1,CHEMBL1907763,6.82,150.0,0.15
COCC1CCCN1CC#CC(=O)Nc1ccc2ncc(C#N)c(Nc3cccc(Br)c3)c2c1,CHEMBL157128,6.82,150.0,0.15
Cn1c(=O)c(-c2c(Cl)cccc2Cl)cc2cnc(Nc3cccc(O)c3)nc21,CHEMBL321193,6.82,150.0,0.15
COc1cc2c(Nc3ccc(Br)cc3F)ncnc2cc1OC[C@H]1CCCN(C)C1,CHEMBL1907944,6.82,150.0,0.15
CN1CCN(CCCNc2ncc3cc(-c4c(Cl)cccc4Cl)c(NC(=O)NC(C)(C)C)nc3n2)CC1,CHEMBL57347,6.82,150.0,0.15
COc1cc2c(Nc3ccc(Br)cc3F)ncnc2cc1OCCC1CCN(C)CC1,CHEMBL24979,6.82,150.0,0.15
COc1cc2c(Nc3ccc(Br)cc3F)ncnc2cc1OC[C@@H]1CCCN(C)C1,CHEMBL1907764,6.82,150.0,0.15
CN1CCN(CCCNc2ncc3cc(-c4c(Cl)cccc4Cl)c(NC(=O)NC(C)(C)C)nc3n2)CC1,CHEMBL57347,6.82,150.0,0.15
C=CC(=O)N(CCCN1CCOCC1)c1cc2c(Nc3cccc(Br)c3)ncnc2cn1,CHEMBL137082,6.81,156.0,156.0
Cl.O=[N+]([O-])c1cccc2c1sc1c(Nc3cccc(Br)c3)ncnc12,CHEMBL540082,6.80,158.0,158.0
CO[C@H]1[C@@H](N(C)C(=O)CCC(=O)O)C[C@@H]2O[C@@]1(C)n1c3ccccc3c3c4c(c5c6ccccc6n2c5c31)C(=O)NC4,CHEMBL337027,6.80,160.0,0.16
COc1cc2c(Nc3ccc(Br)cc3F)ncnc2cc1OCC1CCN(C)CC1.Cl,CHEMBL533849,6.77,170.0,0.17
Brc1cccc(Nc2ncnc3c2sc2ccccc23)c1,CHEMBL356850,6.77,170.0,170.0
Cc1cc(C(=O)N2CCOCC2)[nH]c1/C=C1\C(=O)Nc2ncnc(Nc3ccc(F)c(Cl)c3)c21,CHEMBL69960,6.77,170.0,0.17
NC(=O)CN1CCC(n2cc(-c3cccc(O)c3)c3c(N)ncnc32)CC1,CHEMBL263528,6.77,170.0,0.17
COc1cc(O)c2c(=O)c(-c3cccc(Cl)c3)cn(C)c2c1,CHEMBL7819,6.77,170.0,0.17
C=C(CN(C)C)C(=O)c1ccc(OCc2ccccc2)cc1.Cl,CHEMBL552859,6.75,180.0,0.18
Cc1[nH]c(/C=C2\C(=O)Nc3ncnc(Nc4ccc(F)c(Cl)c4)c32)c(C)c1CCC(=O)O,CHEMBL305782,6.75,180.0,0.18
COc1cc2ncc(C#N)c(Nc3cccc(Br)c3)c2cc1OC,CHEMBL111038,6.72,190.0,0.19
Cn1c(=O)c(-c2c(Cl)cccc2Cl)cc2cnc(Nc3cccc(C(=O)O)c3)nc21,CHEMBL109631,6.72,190.0,0.19
c1ccc(CNc2ncnc3c2sc2ccccc23)cc1,CHEMBL153419,6.72,191.0,191.0
Brc1cccc(Nc2ncnc3cc4c(cnn4CCN4CCOCC4)cc23)c1,CHEMBL38199,6.72,192.0,192.0
CN(C)CCCNC(=O)/C=C/C(=O)N(C)c1cc2c(Nc3cccc(Br)c3)ncnc2cn1,CHEMBL136102,6.71,193.0,193.0
C=CC(=O)N(CCCN1CCOCC1)c1ccc2ncnc(Nc3cccc(Br)c3)c2c1,CHEMBL139307,6.71,194.0,194.0
CCn1c(=O)c(-c2c(Cl)cccc2Cl)cc2cnc(Nc3ccccc3)nc21,CHEMBL322298,6.70,200.0,0.2
Cc1cc(C(=O)NCCN2CCOCC2)[nH]c1/C=C1\C(=O)Nc2ncnc(Nc3ccc4c(ccn4Cc4ccccc4)c3)c21,CHEMBL264382,6.70,200.0,0.2
CCN1CCN(C(=O)c2cc(C)c(/C=C3\C(=O)Nc4ncnc(Nc5ccc(F)c(Cl)c5)c43)[nH]2)CC1,CHEMBL66570,6.70,200.0,0.2
COc1cc2c(Nc3ccc(Cl)cc3F)ncnc2cc1OCCC1CCN(C)CC1,CHEMBL25425,6.70,200.0,0.2
COc1cc2c(Nc3cc(O)c(C)cc3F)ncnc2cc1OCC1CCN(C)CC1.Cl,CHEMBL1202473,6.70,200.0,0.2
COc1cc2c(Nc3ccc(Br)cc3F)ncnc2cc1OCCC1CCNCC1,CHEMBL26641,6.70,200.0,0.2
C/N=N/Nc1ccc2ncnc(Nc3cccc(C)c3)c2c1,CHEMBL137189,6.70,200.0,0.2
COc1cc2c(Nc3ccc(Cl)cc3F)ncnc2cc1OCCN1CCN(C)CC1,CHEMBL283088,6.70,200.0,0.2
COc1cc2c(Nc3ccc(Cl)cc3F)ncnc2cc1OCCN1CCN(C)CC1,CHEMBL283088,6.70,200.0,0.2
CCN(CC)CCNC(=O)c1cc(C)c(/C=C2\C(=O)Nc3ncnc(Nc4ccc(F)c(Cl)c4)c32)[nH]1,CHEMBL69358,6.70,200.0,0.2
COc1cc2c(Nc3ccc(Br)cc3F)ncnc2cc1OCCC1CCN(C)CC1,CHEMBL24979,6.70,200.0,0.2
CN[C@H]1C[C@@H]2O[C@](C)([C@H]1OC)n1c3ccccc3c3c4c(c5c6ccccc6n2c5c31)C(=O)NC4=O,CHEMBL337026,6.70,200.0,0.2
COc1cc2/c(=N/c3ccc(Br)cc3F)nc[nH]c2cc1OCC1CCN(C)CC1,CHEMBL24828,6.70,200.0,0.2
COc1cc2c(Nc3ccc(Cl)cc3F)ncnc2cc1OCCN(C)c1ccncc1,CHEMBL25579,6.70,200.0,0.2
CCN(CC)CCNC(=O)c1c(C)[nH]c(/C=C2\C(=O)Nc3ncnc(Nc4ccc(F)c(Cl)c4)c32)c1C,CHEMBL432903,6.70,200.0,0.2
Nc1ccc2ncnc(Nc3cccc(Cl)c3)c2c1,CHEMBL343352,6.70,200.0,0.2
COc1cc2c(Nc3ccc(Cl)cc3F)ncnc2cc1OCCCN1CCOCC1,CHEMBL24137,6.70,200.0,0.2
COc1cc2c(Nc3ccc(Br)cc3F)ncnc2cc1OC[C@@H]1CCCN(C)C1,CHEMBL1907764,6.70,200.0,0.2
Cc1cc(/C=C2\C(=O)Nc3ncnc(Nc4ccc(F)c(Cl)c4)c32)[nH]c1C(=O)N1CCN(C)CC1,CHEMBL69964,6.68,210.0,0.21
CN(C)c1cc2c(Nc3ccc4c(cnn4Cc4ccccc4)c3)ncnc2cn1,CHEMBL30432,6.68,210.0,0.21
CN1CCN(CCCCNc2ncc3cc(-c4c(Cl)cccc4Cl)c(=O)n(C)c3n2)CC1,CHEMBL104244,6.68,210.0,0.21
CO[C@H]1[C@@H](N(C)C(=O)CN)C[C@@H]2O[C@@]1(C)n1c3ccccc3c3c4c(c5c6ccccc6n2c5c31)C(=O)NC4,CHEMBL338935,6.66,220.0,0.22
Cn1c(=O)c(-c2c(Cl)cccc2Cl)cc2cnc(Nc3ccc(CC(=O)O)cc3)nc21,CHEMBL50647,6.66,220.0,0.22
COc1ccc(Nc2ncc3cc(-c4c(Cl)cccc4Cl)c(=O)n(C)c3n2)cc1,CHEMBL104153,6.66,220.0,0.22
OCC(O)CNc1cc2ncnc(Nc3cccc(Br)c3)c2cn1,CHEMBL126372,6.64,227.0,227.0
CN(C)CCCn1ccc2cc3c(Nc4cccc(Br)c4)ncnc3cc21,CHEMBL287289,6.64,230.0,230.0
C=C(CN(C)C)C(=O)c1ccc(OS(=O)(=O)c2ccc(C(=O)O)cc2)cc1,CHEMBL80030,6.64,230.0,0.23
OCCN(CCO)CCCNc1cc2c(Nc3cccc(Br)c3)ncnc2cn1,CHEMBL163369,6.64,230.0,230.0
CS(=O)(=O)CCNc1nc(-c2ccc3ncnc(Nc4ccc(OCc5ccccc5)c(Cl)c4)c3c2)cs1,CHEMBL160846,6.64,230.0,0.23
Nc1cc2ncnc(NCc3ccccc3N)c2cn1,CHEMBL332846,6.64,230.0,0.23
Brc1cccc(Nc2ncnc3ccc(N/N=N/Cc4ccccn4)cc23)c1,CHEMBL138125,6.62,238.0,0.238
Nc1cc2ncnc(Nc3ccccc3Br)c2cn1,CHEMBL122132,6.62,240.0,0.24
CCN(CC)CCCCNc1ncc2cc(-c3c(Cl)cccc3Cl)c(NC(=O)NC(C)(C)C)nc2n1,CHEMBL45827,6.62,240.0,0.24
Nc1ncnc2c1c(-c1ccc(O)cc1)cn2C1CCCC1,CHEMBL169570,6.60,250.0,0.25
CC(C)N(CC#CC(=O)Nc1ccc2ncc(C#N)c(Nc3cccc(Br)c3)c2c1)C(C)C,CHEMBL113900,6.60,250.0,0.25
Nc1cc2ncnc(Nc3ccccc3)c2cn1,CHEMBL122534,6.60,250.0,0.25
COc1ccc(Nc2ncnc3cc(OC)c(OC)cc23)cc1.Cl,CHEMBL542733,6.60,250.0,0.25
COc1ccc(Nc2ncc3cc(-c4c(Cl)cccc4Cl)c(=O)n(C)c3n2)cc1C,CHEMBL113023,6.60,250.0,0.25
Cc1cc2cc(Nc3ccnc4cc(-c5ccc(CNCCN6CCNCC6)cc5)sc34)ccc2[nH]1,CHEMBL79060,6.60,250.0,0.25
CC#CC(=O)Nc1ccc2ncc(C#N)c(Nc3cccc(Br)c3)c2c1,CHEMBL283682,6.59,258.9,258.9
Cn1c(=O)c(-c2c(Cl)cccc2Cl)cc2cnc(Nc3ccccc3)nc21,CHEMBL301612,6.58,260.0,0.26
CN[C@H]1C[C@@H]2O[C@](C)([C@H]1OC)n1c3ccccc3c3c4c(c5c6ccccc6n2c5c31)[C@H](O)NC4=O,CHEMBL338155,6.58,260.0,0.26
Nc1cc2ncnc(Nc3cccc(I)c3)c2cn1,CHEMBL125550,6.58,260.0,0.26
CN(C)CCn1ncc2cc3c(Nc4cccc(Br)c4)ncnc3cc21,CHEMBL287832,6.58,262.0,262.0
CS(=O)(=O)CCN(CCCCOc1ccc2ncnc(Nc3ccc(OCc4ccccc4)cc3)c2c1)C(=O)C(F)(F)F,CHEMBL273789,6.58,263.0,263.0
c1ccc(Nc2[nH]cnc3nc4ccccc4c2-3)cc1,CHEMBL150280,6.58,264.0,264.0
Brc1cccc(Nc2ncnc3c2ccc2[nH]cnc23)c1,CHEMBL155100,6.57,272.0,272.0
COc1cccc(-c2cn(C3CCN(CCN(C)CCO)CC3)c3ncnc(N)c23)c1,CHEMBL168661,6.53,295.0,0.295
COc1cc2c(Nc3cc(O)c(C)cc3F)ncnc2cc1OCC1CCN(C)CC1.Cl,CHEMBL1202473,6.52,300.0,0.3
O=C1NC(=O)c2cc(Nc3ccccc3)c(Nc3ccccc3)cc21,CHEMBL268868,6.52,300.0,0.3
CCOC(=O)C1CCN(CCC(=O)c2ccc(OCc3ccccc3)cc2)CC1.Cl,CHEMBL542891,6.52,300.0,0.3
COc1cc2c(Nc3c(F)cc(Br)cc3F)ncnc2cc1OCC1CCN(C)CC1,CHEMBL416191,6.52,300.0,0.3
COc1cc2c(Nc3ccc(Cl)cc3F)ncnc2cc1OCC1CCN(C)CC1.Cl,CHEMBL2448065,6.52,300.0,0.3
COc1cc2c(Nc3c(F)cc(Cl)cc3F)ncnc2cc1OCC1CCN(C)CC1,CHEMBL422758,6.52,300.0,0.3
Cc1cc(C)c(/C=C2\C(=O)Nc3ncnc(Nc4ccc(F)c(Cl)c4)c32)[nH]1,CHEMBL68920,6.52,300.0,0.3
COc1cc2c(Nc3ccc(Cl)cc3F)ncnc2cc1OCCN1CCOCC1,CHEMBL25610,6.52,300.0,0.3
COc1cc2c(Nc3ccc(Cl)cc3F)ncnc2cc1OCCN(C)c1ccncc1,CHEMBL25579,6.52,300.0,0.3
COc1cc2c(Nc3ccc(Cl)cc3F)ncnc2cc1OCCC1CCN(C)CC1,CHEMBL25425,6.52,300.0,0.3
COc1cc2c(Nc3ccc(Cl)cc3F)ncnc2cc1OCC1CCNCC1.Cl,CHEMBL2448064,6.52,300.0,0.3
Nc1ncnc2c1c(-c1cccc(O)c1)cn2C1CCC1,CHEMBL355330,6.52,300.0,0.3
COc1cc2ncnc(Nc3ccc(F)c(Cl)c3)c2cc1OCCNC(C)C,CHEMBL55794,6.51,310.0,0.31
CN(C)C/C=C/C(=O)Nc1ccc2ncc(C#N)c(Nc3cccc(Br)c3)c2c1,CHEMBL30973,6.51,310.0,0.31
COCCNCCN1CCC(n2cc(-c3cccc(OC)c3)c3c(N)ncnc32)CC1,CHEMBL172514,6.51,310.0,0.31
OCC(O)Cn1ncc2cc3c(Nc4cccc(Br)c4)ncnc3cc21,CHEMBL37543,6.50,318.0,318.0
COCOC#CC(=O)Nc1ccc2ncc(C#N)c(Nc3cccc(Br)c3)c2c1,CHEMBL414631,6.48,330.0,0.33
COc1cccc(-c2cn(C3CC(C(=O)NCCO)C3)c3ncnc(N)c23)c1,CHEMBL354310,6.48,330.0,0.33
CCN(C)[C@H]1C[C@@H]2O[C@](C)([C@H]1OC)n1c3ccccc3c3c4c(c5c6ccccc6n2c5c31)C(=O)NC4,CHEMBL129946,6.48,330.0,0.33
COc1cc(Nc2ncc3cc(-c4c(Cl)cccc4Cl)c(=O)n(C)c3n2)cc(OC)c1,CHEMBL324926,6.48,330.0,0.33
CC#CC(=O)Nc1ccc2ncc(C#N)c(Nc3ccc(F)c(Cl)c3)c2c1,CHEMBL31876,6.48,330.2,330.2
C/N=N/Nc1ccc2ncnc(NCc3ccccc3)c2c1,CHEMBL137788,6.47,335.0,0.335
N#C/C(=C\c1cc(O)c(O)c(Br)c1)C(=O)NCCCNC(=O)/C(C#N)=C/c1cc(O)c(O)c(Br)c1,CHEMBL144770,6.47,340.0,0.34
C=C[S+]([O-])c1cc2c(Nc3cccc(Br)c3)ncnc2cn1,CHEMBL345077,6.47,340.0,340.0
c1ccc(Nc2ncnc3ccccc23)cc1,CHEMBL289959,6.46,346.0,346.0
COc1ccc(Nc2ncnc3cc(OC)c(OC)cc23)cc1OC.Cl,CHEMBL544833,6.46,350.0,0.35
COc1cccc(-c2cn(C3CCN(CC(N)=O)CC3)c3ncnc(N)c23)c1,CHEMBL169064,6.46,350.0,0.35
COc1ccc(-c2cn(-c3ccccc3)c3ncnc(N)c23)cc1,CHEMBL176705,6.46,350.0,0.35
CN(C)CCC(=O)c1ccc(OCc2ccccc2)c(O)c1.Cl,CHEMBL552860,6.44,360.0,0.36
COc1cc2nccc(Nc3cccc(Br)c3)c2cc1OC,CHEMBL98248,6.43,370.0,0.37
N#C/C(=C\c1ccc(O)c(O)c1)C(=O)c1ccc(O)c(O)c1,CHEMBL56393,6.43,370.0,0.37
C=CC(=O)Nc1cnc2ncc(C#N)c(Nc3cccc(Br)c3)c2c1,CHEMBL281467,6.43,374.8,374.8
N#C/C(=C\c1ccc(O)c(O)c1)S(=O)(=O)/C(C#N)=C/c1ccc(O)c(O)c1,CHEMBL356324,6.42,380.0,0.38
Cc1cccc(Nc2ncnc3cnc(Cl)nc23)c1,CHEMBL52823,6.42,380.0,380.0
CCN(CC)CCCCNc1ncc2cc(-c3c(Cl)cccc3Cl)c(NC(=O)NC(C)(C)C)nc2n1,CHEMBL45827,6.41,390.0,0.39
COc1cc(/C=C(\C#N)C(N)=O)cc(CSc2ccccc2)c1O,CHEMBL116595,6.40,398.11,6.4
NC(=O)CN1CCC(n2cc(-c3cccc(O)c3)c3c(N)ncnc32)C1,CHEMBL408683,6.40,400.0,0.4
COc1cc2c(Nc3ccc(Cl)cc3F)ncnc2cc1OCCN1CCOCC1,CHEMBL25610,6.40,400.0,0.4
COc1cc2c(Nc3c(F)cc(Br)cc3F)ncnc2cc1OCC1CCNCC1,CHEMBL279459,6.40,400.0,0.4
N#C/C(=C\c1ccc(O)c(O)c1)C(=O)NCCCNC(=O)/C(C#N)=C/c1ccc(O)c(O)c1,CHEMBL67535,6.40,400.0,0.4
COc1cc2c(Nc3ccc(Br)cc3F)ncnc2cc1OCCn1ccnn1,CHEMBL281872,6.40,400.0,0.4
COc1cc2c(Nc3c(F)cc(Br)cc3F)ncnc2cc1OCC1CCN(C)CC1,CHEMBL416191,6.40,400.0,0.4
COc1cc2c(Nc3ccc(C)cc3F)ncnc2cc1OCC1CCN(C)CC1,CHEMBL281990,6.40,400.0,0.4
Cc1c(C(=O)N2CCN(C)CC2)c[nH]c1/C=C1\C(=O)Nc2ncnc(Nc3ccc(F)c(Cl)c3)c21,CHEMBL304971,6.39,410.0,0.41
C[C@H](Nc1[nH]cnc2c3ccccc3nc1-2)c1ccccc1.Cl,CHEMBL2093928,6.38,419.0,419.0
COc1cccc(-c2cn(C3CC(CO)C3)c3ncnc(N)c23)c1,CHEMBL352801,6.38,420.0,0.42
Cc1cc(C(=O)N2CCOCC2)[nH]c1/C=C1\C(=O)Nc2ncnc(Nc3ccc(F)c(Cl)c3)c21,CHEMBL69960,6.36,440.0,0.44
Nc1ncnc2c1c(-c1ccccc1)cn2C(CO)Cc1ccccc1,CHEMBL171311,6.36,440.0,0.44
COc1cccc(-c2cn(C3CCN(CC(N)=O)C3)c3ncnc(N)c23)c1,CHEMBL355322,6.36,440.0,0.44
COc1cc2sc3c(Nc4cccc(Br)c4)ncnc3c2cc1OC.Cl,CHEMBL544865,6.35,444.0,444.0
COc1cc2c(Nc3ccc(C)cc3F)ncnc2cc1OCC1CCNCC1,CHEMBL428534,6.35,450.0,0.45
COc1cc2c(Nc3c(F)cc(Br)cc3F)ncnc2cc1OCC1CCNCC1,CHEMBL279459,6.35,450.0,0.45
COc1cccc(-c2cn(C3CCC3)c3ncnc(N)c23)c1,CHEMBL355191,6.35,450.0,0.45
CCN(CC)CCNC(=O)c1cc(C)c(/C=C2\C(=O)Nc3ncnc(Nc4ccc(Cl)cc4F)c32)[nH]1,CHEMBL308672,6.35,450.0,0.45
COc1cc2c(Nc3c(F)cc(Cl)cc3F)ncnc2cc1OCC1CCN(C)CC1,CHEMBL422758,6.35,450.0,0.45
CC(C)(C)NC(=O)Nc1nc2nc(N)ncc2cc1-c1c(Cl)cccc1Cl,CHEMBL57366,6.35,450.0,0.45
c1ccc(CNc2ncnc3c2[nH]c2ccccc23)cc1,CHEMBL5173075,6.34,460.0,460.0
Cl.O=[N+]([O-])c1ccc2sc3c(Nc4cccc(C(F)(F)F)c4)ncnc3c2c1,CHEMBL538814,6.34,460.0,460.0
COc1cccc(-c2cn(C3CCCC3)c3ncnc(N)c23)c1,CHEMBL168382,6.34,460.0,0.46
C=C(CN(C)C)C(=O)c1ccc(OS(=O)(=O)c2ccc(C(=O)O)c(O)c2)cc1,CHEMBL310580,6.33,470.0,0.47
Cc1ccc(Nc2ncc3cc(-c4c(Cl)cccc4Cl)c(=O)n(C)c3n2)cc1,CHEMBL111339,6.32,480.0,0.48
CN(C)/N=N/c1ccc2ncnc(NCc3ccccc3)c2c1,CHEMBL137027,6.32,482.0,0.482
COc1cccc(-c2cn(C3CC(CNCCO)C3)c3ncnc(N)c23)c1,CHEMBL168550,6.31,490.0,0.49
CCn1c(=O)c(-c2c(Cl)cccc2Cl)cc2cnc(Nc3ccncc3)nc21,CHEMBL448154,6.31,490.0,0.49
Nc1nc(Nc2cccc(Br)c2)c2c(n1)[nH]c1ccccc12,CHEMBL345988,6.31,493.0,493.0
COc1cc2c(Nc3ccc(Br)cc3F)ncnc2cc1OCC1CCN(C)CC1.Cl,CHEMBL533849,6.30,500.0,0.5
Nc1ncnc2c1c(-c1ccccc1)cn2C1CCCC1,CHEMBL352954,6.30,500.0,0.5
COc1cc2c(Nc3ccc(C)cc3F)ncnc2cc1OCC1CCNCC1,CHEMBL428534,6.30,500.0,0.5
C=CS(=O)(=O)c1cc2c(Nc3cccc(Br)c3)ncnc2cn1,CHEMBL336264,,500.0,500.0
N#C/C(=C\c1ccc(O)c(O)c1)C(=O)NCCNC(=O)/C(C#N)=C/c1ccc(O)c(O)c1,CHEMBL144908,6.30,500.0,0.5
COc1cc2c(Nc3c(F)cc(Cl)cc3F)ncnc2cc1OCC1CCNCC1,CHEMBL25450,6.30,500.0,0.5
Oc1cc2cc(-c3cccnc3)cnc2cc1O,CHEMBL63356,6.30,500.0,0.5
O=C(O)/C=C/C(=O)Nc1ccc2ncnc(Nc3cccc(Br)c3)c2c1,CHEMBL134371,,500.0,500.0
COc1cccc(-c2cn(-c3ccccc3)c3ncnc(N)c23)c1,CHEMBL172973,6.30,500.0,0.5
CCN(CC)CCNC(=O)c1cc(C)c(/C=C2\C(=O)Nc3ncnc(Nc4ccc(Cl)cc4F)c32)[nH]1,CHEMBL308672,6.30,500.0,0.5
COc1cc2ncnc(Nc3cc(OC)c(OC)c(OC)c3)c2cc1OC.Cl,CHEMBL543904,6.30,500.0,0.5
CN(C)C(=O)CN1CCC(n2cc(-c3cccc(O)c3)c3c(N)ncnc32)CC1,CHEMBL169920,6.30,500.0,0.5
Cc1cc2cc(Nc3ccnc4cc(-c5ccc(CNCCCO)cc5)sc34)ccc2[nH]1,CHEMBL78700,6.30,500.0,0.5
N#CC(C#N)=C(N)/C(C#N)=C/c1cc(O)c(O)c(Br)c1,CHEMBL77803,6.30,500.0,0.5
N#C/C(=C\c1ccc(O)c(O)c1)C(=O)NCc1ccccc1,CHEMBL56543,6.30,501.19,6.3
Nc1ccc2ncnc(NCc3ccccc3)c2c1,CHEMBL332096,6.29,508.0,0.508
Cn1c(=O)c(-c2c(Cl)cccc2Cl)cc2cnc(Nc3cccnc3)nc21,CHEMBL325589,6.29,510.0,0.51
COc1cc2ncnc(Nc3ccc(F)c(Cl)c3)c2cc1OCCCN1CCOCC1,CHEMBL939,6.29,515.0,0.515
C[C@H](Nc1ncnc2c1sc1ccccc12)c1ccccc1,CHEMBL3085277,6.27,538.0,538.0
CS(=O)(=O)CCNc1nc(-c2ccc3ncnc(Nc4ccc(OCc5cccc(C(F)(F)F)c5)cc4)c3c2)cs1,CHEMBL269620,6.27,540.0,0.54
N#Cc1cnc2ccc(NC(=O)C#CCN3CCSCC3)cc2c1Nc1cccc(Br)c1,CHEMBL327023,6.26,550.0,0.55
C=C(CN(C)C)C(=O)Nc1cc2c(Nc3ccc(F)c(Cl)c3)c(C#N)cnc2cc1OCC,CHEMBL117326,6.25,560.0,0.56
CS(=O)(=O)CCNc1nc(-c2ccc3ncnc(Nc4ccc(F)c(Cl)c4)c3c2)cs1,CHEMBL157084,6.24,570.0,0.57
COc1ccc(-c2cn(C3CCCC3)c3ncnc(N)c23)cc1,CHEMBL170724,6.24,570.0,0.57
Nc1cc2ncnc(NCc3ccccc3)c2cn1,CHEMBL300083,6.24,580.0,0.58
CN(CC(=O)O)Cc1c[nH]c2cc3ncnc(Nc4cccc(Br)c4)c3cc12,CHEMBL289213,6.23,584.0,584.0
C=CC(=O)Nc1ccc2ncc(C#N)c(Nc3cccc(Br)c3)c2c1,CHEMBL281300,6.23,590.0,0.59
Nc1ncnc2c1c(-c1ccc(O)cc1)cn2C1CCC1,CHEMBL166765,6.22,600.0,0.6
N#C/C(=C\c1ccc(O)c(O)c1)C(=O)NCCCCNC(=O)/C(C#N)=C/c1ccc(O)c(O)c1,CHEMBL144589,6.22,600.0,0.6
c1nc(Nc2ccc3[nH]ccc3c2)c2sccc2n1,CHEMBL442749,6.22,600.0,0.6
N#C/C(=C\c1cc(O)c(O)c(O)c1)C(=O)NCCCCNC(=O)/C(C#N)=C/c1cc(O)c(O)c(O)c1,CHEMBL358746,6.22,600.0,0.6
COc1cc2c(Nc3c(F)cc(Cl)cc3F)ncnc2cc1OCC1CCNCC1,CHEMBL25450,6.22,600.0,0.6
COc1cc2ncnc(Nc3ccc4c(c3)CCC4)c2cc1OC.Cl,CHEMBL555797,6.22,600.0,0.6
Cc1cccc(C)c1-c1cc2cnc(N)nc2nc1NC(=O)NC(C)(C)C,CHEMBL57323,6.21,610.0,0.61
N#C/C(=C\c1ccc(O)c(O)c1)C(=O)NCCc1ccccc1,CHEMBL293749,6.21,616.6,6.21
C#Cc1cccc(Nc2ncnc3c2/C(=C/c2[nH]c(C(=O)NCCN4CCOCC4)cc2C)C(=O)N3)c1,CHEMBL69966,6.21,620.0,0.62
N#C/C(=C\c1ccc(O)c(O)c1)C(=O)NCCc1ccccc1,CHEMBL293749,,625.0,0.625
Brc1cccc(Nc2[nH]cnc3nc4ccccc4c2-3)c1,CHEMBL423224,6.20,630.0,630.0
CS(=O)(=O)CCNCCCCOc1ccc2ncnc(Nc3ccc4c(cnn4Cc4cccc(F)c4)c3)c2c1,CHEMBL493428,6.20,630.0,0.63
N#C/C(=C\c1cc(O)c(O)c(CSCc2ccccc2)c1)C(N)=O,CHEMBL432428,6.19,645.65,6.19
CN(C)C/C=C/C(=O)Nc1ccc2ncc(C#N)c(Nc3ccc(F)c(Cl)c3)c2c1,CHEMBL323630,6.19,650.0,0.65
Cc1cc2cc(Nc3ccnc4cc(-c5ccc(CNCCOCCO)cc5)sc34)ccc2[nH]1,CHEMBL77342,6.18,657.0,0.657
Cn1c(=O)c(-c2c(Cl)cccc2Cl)cc2cnc(Nc3cccc(Br)c3)nc21,CHEMBL111434,6.17,670.0,0.67
C=C(CN(C)C)C(=O)c1ccc(OCc2ccccc2)c(O)c1.Cl,CHEMBL542887,6.17,670.0,0.67
COc1ccc(Nc2ncnc3cc(N)ncc23)cc1,CHEMBL128001,6.17,670.0,0.67
N#C/C(=C\c1ccc(O)c(O)c1)C(=O)NCCCCCCNC(=O)/C(C#N)=C/c1ccc(O)c(O)c1,CHEMBL144760,6.16,700.0,0.7
Nc1ncnc2c1c(-c1cccc(Cl)c1)cn2-c1ccccc1,CHEMBL176309,6.16,700.0,0.7
Nc1ncnc2c1c(-c1ccccc1)cn2-c1ccc(CO)cc1,CHEMBL367442,6.16,700.0,0.7
COc1ccc(/C=C(\C#N)c2cccnc2)cc1OC,CHEMBL67027,6.16,700.0,0.7
N#C/C(=C\c1ccc(O)c(O)c1)C(=O)NCCCc1ccccc1,CHEMBL53898,6.16,700.0,0.7
N#C/C(=C\c1ccc(O)c(O)c1)C(=O)NCCCCCNC(=O)/C(C#N)=C/c1ccc(O)c(O)c1,CHEMBL144842,6.16,700.0,0.7
O=C1NC(=O)c2cc(Nc3ccc(F)cc3)c(Nc3ccc(F)cc3)cc21,CHEMBL7939,6.16,700.0,0.7
C=C(CN(C)C)C(=O)c1ccc(OS(=O)(=O)c2ccc(C(=O)N(C)C)cc2)cc1.Cl,CHEMBL552634,6.16,700.0,0.7
CCOC(=O)CCCc1ccc(Nc2ncc3cc(-c4c(Cl)cccc4Cl)c(=O)n(C)c3n2)cc1,CHEMBL419022,6.16,700.0,0.7
COc1cc(/C=C(\C#N)C(N)=O)cc(CSc2ccccc2C(=O)O)c1O,CHEMBL119987,6.15,707.95,6.15
N#C/C(=C\c1ccc(O)c(O)c1)C(=O)NCCCc1ccccc1,CHEMBL53898,6.15,707.95,6.15
Nc1ncnc2c1c(-c1ccccc1)cn2C1CCC1,CHEMBL166766,6.14,730.0,0.73
Brc1cccc(Nc2ncnc3c2sc2ncccc23)c1,CHEMBL153409,6.13,732.0,732.0
Brc1cccc(Nc2ncnc3c2oc2ccccc23)c1,CHEMBL149512,6.13,740.0,740.0
COC(=O)CN1CCC(n2cc(-c3cccc(O)c3)c3c(N)ncnc32)C1,CHEMBL355019,6.13,740.0,0.74
Cn1c2ccccc2c2c(Nc3cccc(Br)c3)ncnc21,CHEMBL152984,6.13,742.0,742.0
COc1cccc(-c2cn(C3CCN(CC(=O)N(C)C)CC3)c3ncnc(N)c23)c1,CHEMBL355269,6.12,750.0,0.75
Cc1cc(C(=O)N2CCN(C)CC2)[nH]c1/C=C1\C(=O)Nc2ncnc(Nc3ccc(F)c(Cl)c3)c21,CHEMBL305246,6.12,750.0,0.75
Cn1c2ccccc2c2c(Nc3cccc(Br)c3)ncnc21,CHEMBL152984,6.11,769.0,769.0
COc1cc2ncc(C#N)c(Nc3cccc(Br)c3)c2cc1NC(=O)/C=C/CN(C)C,CHEMBL263788,6.10,790.0,0.79
COCC#CC(=O)Nc1cc2c(Nc3cccc(Br)c3)c(C#N)cnc2cc1OC,CHEMBL326280,6.10,790.0,0.79
Nc1ncnc2c1c(-c1ccccc1)cn2C1CCC(O)C1,CHEMBL168285,6.10,790.0,0.79
N#CC(C#N)=C(N)/C(C#N)=C/c1cc(O)c(O)c(O)c1,CHEMBL78257,6.10,800.0,0.8
COc1cc2c(Nc3ccc(C#N)cc3F)ncnc2cc1OC/C=C/CN1CCCC1,CHEMBL24026,6.10,800.0,0.8
COC(=O)CN1CCC(n2cc(-c3cccc(O)c3)c3c(N)ncnc32)CC1,CHEMBL262276,6.10,800.0,0.8
C=CC(=O)Nc1cc2c(Nc3cccc(Br)c3)c(C#N)cnc2cc1OC,CHEMBL324718,6.09,810.0,0.81
CN(CCCOc1ccc2ncnc(Nc3ccc(OCc4ccccc4)cc3)c2c1)CCS(C)(=O)=O,CHEMBL14874,6.08,830.0,830.0
COC(=O)CN1CCC(n2cc(-c3cccc(OC)c3)c3c(N)ncnc32)C1,CHEMBL355891,6.08,830.0,0.83
Nc1cc2ncnc(Nc3cccc(F)c3)c2cn1,CHEMBL340438,6.08,840.0,0.84
O=C(CCc1c(SSc2[nH]c3ccccc3c2CCC(=O)NCc2ccccc2)[nH]c2ccccc12)NCc1ccccc1,CHEMBL293261,6.07,850.0,0.85
N#C/C(=C\c1cc(O)c(O)c(Br)c1)S(=O)(=O)/C(C#N)=C/c1cc(O)c(O)c(Br)c1,CHEMBL144791,6.07,850.0,0.85
O=C(CCc1c(SSc2[nH]c3ccccc3c2CCC(=O)NCc2ccccc2)[nH]c2ccccc12)NCc1ccccc1,CHEMBL293261,6.07,850.0,0.85
C#Cc1cccc(Nc2c(C#N)cnc3cc(OCCOC)c(OCCOC)cc23)c1,CHEMBL95320,6.07,850.0,0.85
COc1cc(/C=C(\C#N)C(N)=O)cc(CSCc2ccccc2)c1O,CHEMBL326318,6.05,891.25,6.05
COc1cccc(-c2cn(C3CCN(CCO)CC3)c3ncnc(N)c23)c1,CHEMBL169200,6.05,900.0,0.9
N[C@H](Cc1c([Se][Se]c2[nH]c3ccccc3c2C[C@H](N)C(=O)NCc2ccccc2)[nH]c2ccccc12)C(=O)NCc1ccccc1,CHEMBL336409,6.05,900.0,0.9
Cn1c(=O)c(-c2c(Cl)cccc2Cl)cc2cnc(Nc3ccncc3)nc21,CHEMBL104779,6.04,910.0,0.91
CC#CC(=O)Nc1cc2c(Nc3cccc(Br)c3)c(C#N)cnc2cc1OC,CHEMBL116525,6.04,910.0,0.91
CO[C@H]1[C@@H](N(C)Cc2ccccc2)C[C@@H]2O[C@@]1(C)n1c3ccccc3c3c4c(c5c6ccccc6n2c5c31)C(=O)NC4,CHEMBL131193,6.04,910.0,0.91
COCCOCC#CC(=O)Nc1ccc2ncc(C#N)c(Nc3cccc(Br)c3)c2c1,CHEMBL115440,6.03,930.0,0.93
COCCN(C)CCN1CCC(n2cc(-c3cccc(OC)c3)c3c(N)ncnc32)CC1,CHEMBL274732,6.03,930.0,0.93
CC#CC(=O)Nc1ccc2ncc(C#N)c(Nc3cccc(Br)c3)c2c1,CHEMBL283682,6.03,940.0,0.94
COc1cc(/C=C(\C#N)S(=O)(=O)/C(C#N)=C/c2cc(O)c(O)c(OC)c2)cc(O)c1O,CHEMBL342792,6.03,940.0,0.94
COCC#CC(=O)Nc1ccc2ncc(C#N)c(Nc3cccc(Br)c3)c2c1,CHEMBL114593,6.02,960.0,0.96
C=CC(=O)Nc1cnc2ncc(C#N)c(Nc3cccc(Br)c3)c2c1,CHEMBL281467,6.01,975.7,975.7
COc1cc(Nc2c(C#N)cnc3cc4[nH]cnc4cc23)cc(OC)c1OC,CHEMBL94846,,1000.0,1.0
COc1cc2ncnc(Nc3ccc(N4CCOCC4)cc3)c2cc1OC.Cl,CHEMBL555844,,1000.0,1.0
O=c1c(-c2ccc(O)cc2)coc2cc(O)cc(O)c12,CHEMBL44,6.00,1000.0,1.0
Nc1cc2ncnc(NCc3cccc(Br)c3)c2cn1,CHEMBL121708,6.00,1000.0,1.0
Clc1cccc(Nc2ncnc3c2sc2ncccc23)c1,CHEMBL150390,,1000.0,1000.0
COc1ccc(C)c(Nc2c(C#N)cnc3cc4c(cc23)ncn4CCN2CCOCC2)c1,CHEMBL92729,,1000.0,1.0
COc1cc(Nc2ncnc3ccc(Cl)cc23)cc(OC)c1OC.Cl,CHEMBL545767,,1000.0,1.0
COc1cc(Nc2c(C#N)cnc3cc4[nH]cnc4cc23)c(Br)cc1Cl,CHEMBL96081,,1000.0,1.0
COc1ccc(Cl)c(Nc2c(C#N)cnc3cc4c(cc23)ncn4CCN2CCOCC2)c1,CHEMBL92339,,1000.0,1.0
COc1cc2c(Nc3ccc(Sc4nccn4C)c(Cl)c3)c(C#N)cnc2cc1OCCCN1CCOCC1,CHEMBL318804,,1000.0,1000.0
COc1cc(Nc2c(C#N)cnc3cc4c(cc23)ncn4CCN2CCOCC2)c(C)cc1Cl,CHEMBL330351,,1000.0,1.0
COc1cc(/C=C(\C#N)C(N)=O)cc(CSCc2ccccc2Cl)c1O,CHEMBL326100,6.00,1000.0,6.0
[O-][N+]1(CCCNc2cc3ncnc(Nc4cccc(Br)c4)c3cn2)CCOCC1,CHEMBL339416,,1000.0,1000.0
Cc1cc2cc(Nc3ccnc4cc(-c5ccc(CNCCO)cc5)sc34)ccc2[nH]1,CHEMBL80164,6.00,1000.0,1.0
COc1ccc(C)c(Nc2c(C#N)cnc3cc4[nH]c(NCCN5CCOCC5)nc4cc23)c1,CHEMBL329244,,1000.0,1.0
Cn1c(=O)c(-c2c(Cl)cccc2Cl)cc2cnc(NCCCCCC(=O)O)nc21,CHEMBL113863,6.00,1000.0,1.0
NC(=O)c1ccc(Nc2ncnc3cc(-c4ccccc4)sc23)cc1,CHEMBL80734,,1000.0,1.0
O=c1c(-c2ccc(O)cc2)coc2cc(O)cc(O)c12,CHEMBL44,6.00,1000.0,1.0
O=S(=O)(O)CCNc1cc2ncnc(Nc3cccc(Br)c3)c2cn1,CHEMBL128467,,1000.0,1000.0
O=c1c(-c2ccc(O)cc2)coc2cc(O)cc(O)c12,CHEMBL44,6.00,1000.0,1.0
CC#CC(=O)Nc1ccc2ncc(C#N)c(Nc3cccc(Br)c3)c2c1,CHEMBL283682,,1000.0,1000.0
Cc1cccc(Nc2ncnc3ccc(N)cc23)c1,CHEMBL336113,6.00,1000.0,1.0
COc1cc2c(Nc3ccc(Oc4ccccc4)cc3)c(C#N)cnc2cc1OCCCN1CCOCC1,CHEMBL414139,,1000.0,1000.0
COc1cc(Nc2c(C#N)cnc3cc4[nH]c(CN5CCOCC5)nc4cc23)cc(OC)c1OC,CHEMBL330657,,1000.0,1.0
COc1cc(Nc2c(C#N)cnc3cc4c(cc23)ncn4CCN2CCOCC2)c(Br)cc1Cl,CHEMBL327188,,1000.0,1.0
CCN(CC)CCCCNc1ncc2cc(-c3c(Cl)cccc3Cl)c(NC(=O)Nc3ccccc3)nc2n1,CHEMBL56983,6.00,1000.0,1.0
N#Cc1cnc2cc3[nH]cnc3cc2c1Nc1ccc(Cl)cc1Br,CHEMBL96096,,1000.0,1.0
COc1cc2c(Nc3ccc(C)cc3F)ncnc2cc1OCC1CCN(C)CC1,CHEMBL281990,6.00,1000.0,1.0
COc1cc(Nc2c(C#N)cnc3cc4c(cc23)ncn4CCN2CCOCC2)cc(OC)c1OC,CHEMBL96633,,1000.0,1.0
CN1C(=S)C(C(=O)Nc2ccccc2)c2ccccc21,CHEMBL62176,6.00,1000.0,1.0
COc1cc(Nc2c(C#N)cnc3cc4[nH]c(NCCN5CCOCC5)nc4cc23)cc(OC)c1OC,CHEMBL93262,,1000.0,1.0
COc1ccc(Cl)c(Nc2c(C#N)cnc3cc4[nH]cnc4cc23)c1,CHEMBL92395,,1000.0,1.0
CC#CC(=O)Nc1ccc2ncc(C#N)c(Nc3ccc(F)c(Cl)c3)c2c1,CHEMBL31876,5.99,1027.8,1027.8
CC(=O)/C=C/C(=O)Nc1ccc2ncnc(Nc3cccc(Br)c3)c2c1,CHEMBL136178,5.98,1039.0,1039.0
COc1cc2ncc(C#N)c(Nc3ccc(F)c(Cl)c3)c2cc1OCCCN1CCOCC1,CHEMBL99024,5.98,1040.0,1.04
Nc1ncnc2c1c(-c1ccccc1)cn2-c1ccccc1CO,CHEMBL429057,5.96,1100.0,1.1
C=C(CN1CCCCC1)C(=O)c1ccc(OCc2ccccc2)cc1.Cl,CHEMBL544074,5.96,1100.0,1.1
C=C(CN1CCOCC1)C(=O)c1ccc(OCc2ccccc2)cc1.Cl,CHEMBL544067,5.96,1100.0,1.1
CO[C@H]1[C@@H](N(C)S(C)(=O)=O)C[C@@H]2O[C@@]1(C)n1c3ccccc3c3c4c(c5c6ccccc6n2c5c31)C(=O)NC4,CHEMBL131020,5.96,1100.0,1.1
CO[C@H]1[C@@H](N(C)CCC#N)C[C@@H]2O[C@@]1(C)n1c3ccccc3c3c4c(c5c6ccccc6n2c5c31)C(=O)NC4,CHEMBL131426,5.96,1100.0,1.1
COc1cccc(-c2cn(C3CCNC3)c3ncnc(N)c23)c1,CHEMBL169519,5.95,1120.0,1.12
O=C(O)Cn1ncc2cc3c(Nc4cccc(Br)c4)ncnc3cc21,CHEMBL36819,5.92,1196.0,1196.0
COc1cc(/C=C(\C#N)C(N)=C(C#N)C#N)cc(O)c1O,CHEMBL80745,5.92,1200.0,1.2
N#C/C(=C\c1ccc(O)c(O)c1)C(=O)Nc1ccccc1,CHEMBL56731,5.90,1250.0,1.25
Nc1cc2ncnc(Nc3ccccc3[N+](=O)[O-])c2cn1,CHEMBL338662,5.90,1250.0,1.25
Cc1cc2cc(Nc3ccnc4cc(-c5ccc(CN6CCOCC6)cc5)sc34)ccc2[nH]1,CHEMBL311111,5.90,1250.0,1.25
N#C/C(=C\c1ccc(O)c(O)c1)C(=O)Nc1ccccc1,CHEMBL56731,5.90,1258.93,5.9
CCNC(=O)Nc1nc2nc(NCCCCN(CC)CC)ncc2cc1-c1c(Cl)cccc1Cl,CHEMBL301483,5.90,1260.0,1.26
COc1cc(O)c2c(=O)c(-c3cccc(Cl)c3)coc2c1,CHEMBL7339,5.90,1270.0,1.27
CCN(CC)CCNC(=O)c1cc(C)c(/C=C2\C(=O)Nc3ncnc(Nc4ccc(F)c(Cl)c4)c32)[nH]1,CHEMBL69358,5.89,1290.0,1.29
CCCCC(O)CN(C)[C@H]1C[C@@H]2O[C@](C)([C@H]1OC)n1c3ccccc3c3c4c(c5c6ccccc6n2c5c31)C(=O)NC4,CHEMBL335718,5.89,1300.0,1.3
N[C@H](Cc1c([Se][Se]c2[nH]c3ccccc3c2C[C@H](N)C(=O)NCc2ccccc2)[nH]c2ccccc12)C(=O)NCc1ccccc1,CHEMBL336409,5.89,1300.0,1.3
COC(=O)CN(C)[C@H]1C[C@@H]2O[C@](C)([C@H]1OC)n1c3ccccc3c3c4c(c5c6ccccc6n2c5c31)C(=O)NC4,CHEMBL444337,5.89,1300.0,1.3
CCNC(=O)Nc1nc2nc(NCCCCN(CC)CC)ncc2cc1-c1c(Cl)cccc1Cl,CHEMBL301483,5.89,1300.0,1.3
COc1ccc(Nc2ncc3cc(-c4c(Cl)cccc4Cl)c(=O)n(C)c3n2)cn1,CHEMBL111365,5.89,1300.0,1.3
N#C/C(=C\c1ccc(O)c(O)c1)C(=O)NCCCCCCCCCCNC(=O)/C(C#N)=C/c1ccc(O)c(O)c1,CHEMBL424302,5.89,1300.0,1.3
CCOC(=O)c1ccc(-c2cn(-c3ccccc3)c3ncnc(N)c23)cc1,CHEMBL369014,5.89,1300.0,1.3
CCNC(=O)Nc1nc2nc(N)ncc2cc1-c1c(Cl)cccc1Cl,CHEMBL432738,5.87,1360.0,1.36
CCN(CC)CCCNc1ncc2cc(-c3c(Cl)cccc3Cl)c(=O)n(C)c2n1,CHEMBL50470,5.85,1400.0,1.4
COc1cc2c(Nc3ccc(C#N)cc3F)ncnc2cc1OC/C=C/CN1CCCC1,CHEMBL24026,5.85,1400.0,1.4
N#C/C(=C\c1cc(O)c(O)c(Br)c1)S(=O)(=O)/C(C#N)=C/c1cc(O)c(O)c(Br)c1,CHEMBL144791,5.85,1400.0,1.4
Nc1ncnc2c1c(-c1ccccc1)cn2-c1ccc(CNCCO)cc1,CHEMBL173453,5.85,1400.0,1.4
Cc1cc(C(=O)N2CCOCC2)[nH]c1/C=C1\C(=O)Nc2ncnc(Nc3ccc4c(c3)CCC4)c21,CHEMBL65848,5.85,1410.0,1.41
C#Cc1cccc(Nc2ncnc3cc(OCCOC)c(OCCOC)cc23)c1,CHEMBL553,5.84,1450.0,1.45
COC(=O)CN1CCC(n2cc(-c3cccc(OC)c3)c3c(N)ncnc32)CC1,CHEMBL169065,5.83,1470.0,1.47
Cl.O=C(CCN1CCOCC1)c1ccc(OCc2ccccc2)cc1,CHEMBL542893,5.82,1500.0,1.5
C=C(CN1CCNCC1)C(=O)c1ccc(OCc2ccccc2)cc1.Cl,CHEMBL544538,5.82,1500.0,1.5
COc1cc(O)c2c(=O)c(-c3cccc(Cl)c3)cn(CCc3ccccc3)c2c1,CHEMBL7810,5.82,1500.0,1.5
CN(C)CCC(=O)c1ccc(OCc2ccccc2)cc1.Cl,CHEMBL544770,5.82,1500.0,1.5
Cc1cccc2c(CCC(=O)O)c(SSc3[nH]c4c(C)cccc4c3CCC(=O)O)[nH]c12,CHEMBL81664,5.82,1500.0,1.5
Nc1ncnc2c1c(-c1cccc(O)c1)cn2C1CCNC1,CHEMBL171545,5.82,1530.0,1.53
Nc1cccc(Nc2ncnc3cc(N)ncc23)c1,CHEMBL124617,5.81,1550.0,1.55
CCOc1cc2ncc(C#N)c(Nc3cccc(Br)c3)c2cc1NC(=O)/C=C/CN(C)C,CHEMBL114728,5.80,1600.0,1.6
N#C/C(=C\c1ccc(O)c(O)c1)C(=O)NCc1cccc(CNC(=O)/C(C#N)=C/c2ccc(O)c(O)c2)c1,CHEMBL144159,5.80,1600.0,1.6
CS(=O)(=O)CCNc1nc(-c2ccc3ncnc(Nc4ccc(OCc5ccccc5)cc4)c3c2)cs1,CHEMBL422347,5.80,1600.0,1.6
c1ccc(-c2cc3ncnc(Nc4ccc5[nH]ncc5c4)c3s2)cc1,CHEMBL78685,5.80,1600.0,1.6
C/C=C/C(=O)Nc1ccc2ncc(C#N)c(Nc3cccc(Br)c3)c2c1,CHEMBL326811,5.79,1620.0,1.62
O=C(O)CCC1C(S)=Nc2ccccc21,CHEMBL309276,5.79,1620.0,1.62
Nc1cc2ncnc(NCc3ccccc3Br)c2cn1,CHEMBL331307,5.78,1670.0,1.67
CN1CCC(c2c(O)cc(O)c3c2O/C(=C\c2ccccc2Cl)C3=O)CC1,CHEMBL48614,5.78,1680.0,1.68
COc1cc(/C=C(\C#N)C(N)=O)cc(CSc2cccc3ccccc23)c1O,CHEMBL143212,5.77,1698.24,5.77
COc1cc(Nc2nccc(-c3ccc(N4CCNCC4)nc3)n2)cc(OC)c1OC,CHEMBL322066,5.77,1704.0,1704.0
COc1cc(/C=C(\C#N)C(N)=O)cc(CSc2ccc(C)cc2)c1O,CHEMBL333454,5.76,1737.8,5.76
O=C(O)Cn1ccc2cc3c(Nc4cccc(Br)c4)ncnc3cc21,CHEMBL289162,5.75,1780.0,1780.0
CN(C)c1cccc(Nc2ncnc3cc(N)ncc23)c1,CHEMBL125331,5.75,1790.0,1.79
Cl.O=C(CCN1CCCCC1)c1ccc(OCc2ccccc2)cc1,CHEMBL545006,5.75,1800.0,1.8
N#C/C(=C\c1ccc(O)c(O)c1)C(=O)NCC1CCCC(CNC(=O)/C(C#N)=C/c2ccc(O)c(O)c2)C1,CHEMBL357161,5.75,1800.0,1.8
CO[C@H]1[C@@H](N(C)C(=O)c2ccccc2)C[C@@H]2O[C@@]1(C)n1c3ccccc3c3c4c(c5c6ccccc6n2c5c31)C(=O)NC4,CHEMBL338448,5.72,1900.0,1.9
CCN(CC)C/C=C/C(=O)Nc1cc2c(Nc3ccc(F)c(Cl)c3)c(C#N)cnc2cc1OC,CHEMBL424252,5.72,1910.0,1.91
Cc1cc(C(=O)NCCN2CCOCC2)[nH]c1/C=C1\C(=O)Nc2ncnc(Nc3ccc4c(ccn4Cc4ccccc4)c3)c21,CHEMBL264382,5.71,1950.0,1.95
Nc1cc2ncnc(NCc3cccc(C(F)(F)F)c3)c2cn1,CHEMBL124533,5.71,1950.0,1.95
O=CN/C=C/c1cc(O)ccc1O,CHEMBL47986,5.70,2000.0,2.0
COc1ccc(Nc2cc3c(cc2Nc2ccccc2)C(=O)NC3=O)cc1,CHEMBL8095,5.70,2000.0,2.0
Oc1cc(O)c2c(O)c(-c3cccc(Cl)c3)cnc2c1,CHEMBL266995,5.70,2000.0,2.0
N#C/C(=C\c1ccc(O)c(O)c1)S(=O)(=O)/C(C#N)=C/c1ccc(O)c(O)c1,CHEMBL356324,5.70,2000.0,2.0
CN(C)C/C=C/C(=O)Nc1cnc2ncc(C#N)c(Nc3cccc(Br)c3)c2c1,CHEMBL441518,5.69,2043.6,2043.6
Cc1cc(C(=O)NCCN2CCOCC2)[nH]c1/C=C1\C(=O)Nc2ncnc(Nc3ccc(F)c(Cl)c3)c21,CHEMBL69629,5.69,2050.0,2.05
N#C/C(=C\c1ccc(O)c(O)c1)C(=O)Nc1ccccc1Cl,CHEMBL56219,5.68,2089.3,5.68
N#C/C(=C\c1ccc(O)c(O)c1)C(=O)NC1CCCC[C@@H]1NC(=O)/C(C#N)=C/c1ccc(O)c(O)c1,CHEMBL144778,5.68,2100.0,2.1
Cc1ccc(SCC(CN(C)C)C(=O)c2ccc(OCc3ccccc3)cc2)cc1C.Cl,CHEMBL538507,5.68,2100.0,2.1
COc1cccc(-c2cn(C3CCN(C(=O)OC(C)(C)C)C3)c3ncnc(N)c23)c1,CHEMBL168656,5.68,2100.0,2.1
Cl.c1ccc(Nc2[nH]cnc3c4ccccc4nc2-3)cc1,CHEMBL544640,5.68,2110.0,2110.0
O=C1NC(=O)c2cc(Nc3ccc(F)cc3)c(Nc3ccc(F)cc3)cc21,CHEMBL7939,5.66,2200.0,2.2
N#C/C(=C\c1ccc(O)c(O)c1)C(=O)NCCN1CCN(C(=O)/C(C#N)=C/c2ccc(O)c(O)c2)CC1,CHEMBL343887,5.66,2200.0,2.2
CC(C)(C)OC(=O)N1CCC(n2cc(-c3cccc(O)c3)c3c(N)ncnc32)C1,CHEMBL168921,5.66,2200.0,2.2
N#C/C(=C\c1ccc(O)c(O)c1)C(=O)NCCCCCCCCNC(=O)/C(C#N)=C/c1ccc(O)c(O)c1,CHEMBL279138,5.66,2200.0,2.2
C=CC(=O)N(CCN(C)C)c1cc2c(Nc3cccc(Br)c3)ncnc2cn1,CHEMBL138691,5.64,2282.0,2282.0
N#Cc1cnc2ccc(NC(=O)/C=C/CN3CCOCC3)cc2c1Nc1ccc(F)c(Cl)c1,CHEMBL118000,5.64,2290.0,2.29
COc1cc2ncc(C#N)c(Nc3ccc(F)c(Cl)c3)c2cc1NC(=O)/C=C/CN(C)C,CHEMBL114490,5.63,2320.0,2.32
N#C/C(=C\c1ccc(O)c(O)c1)C(N)=S,CHEMBL77030,5.62,2400.0,2.4
COC(=O)N(C)[C@H]1C[C@@H]2O[C@](C)([C@H]1OC)n1c3ccccc3c3c4c(c5c6ccccc6n2c5c31)C(=O)NC4,CHEMBL130049,5.62,2400.0,2.4
Nc1cc2ncnc(NCc3ccc(Br)cc3)c2cn1,CHEMBL125949,5.61,2460.0,2.46
O=C1NC(=O)c2cc(Nc3ccc(O)cc3)c(Nc3ccc(O)cc3)cc21,CHEMBL267019,5.60,2500.0,2.5
Cc1ccc(Nc2cc3c(cc2Nc2ccc(C)cc2)C(=O)NC3=O)cc1,CHEMBL7914,5.60,2500.0,2.5
COc1cc2nccc(Oc3cccc(Br)c3)c2cc1OC,CHEMBL101581,5.60,2500.0,2.5
N#CC(C#N)=C(N)/C(C#N)=C/c1ccc(O)c(O)c1,CHEMBL309334,5.60,2500.0,2.5
CC(NC(=O)/C(C#N)=C/c1ccc(O)c(O)c1)c1ccccc1,CHEMBL55979,5.60,2511.89,5.6
Nc1ncnc2c1c(-c1cccc(O)c1)cn2C1CCN(CCO)CC1,CHEMBL169780,5.59,2540.0,2.54
Clc1ncc2ncnc(Nc3ccccc3)c2n1,CHEMBL50027,5.59,2550.0,2550.0
Cc1cc(C(=O)N2CC(C)NC(C)C2)[nH]c1/C=C1\C(=O)Nc2ncnc(Nc3ccc(F)c(Cl)c3)c21,CHEMBL69071,5.59,2580.0,2.58
CO[C@H]1[C@@H](N(C)C(C)=O)C[C@@H]2O[C@@]1(C)n1c3ccccc3c3c4c(c5c6ccccc6n2c5c31)C(=O)NC4,CHEMBL130163,5.58,2600.0,2.6
CN(C)C/C=C/C(=O)Nc1cc2c(Nc3ccc(F)c(Cl)c3)c(C#N)cnc2cc1OC(F)(F)F,CHEMBL421047,5.58,2640.0,2.64
Cc1ccccc1-c1cn(-c2ccccc2)c2ncnc(N)c12,CHEMBL174634,5.58,2650.0,2.65
Nc1ncnc2c1c(-c1ccc(O)cc1)cn2C1CCNC1,CHEMBL354033,5.57,2670.0,2.67
C=C(CN1CCOCC1)C(=O)Nc1ccc2ncc(C#N)c(Nc3ccc(F)c(Cl)c3)c2c1,CHEMBL114392,5.57,2700.0,2.7
COc1ccc(Nc2ncnc3cc(OC)c(OC)cc23)cc1OC,CHEMBL100714,5.55,2800.0,2.8
Nc1ncnc2c1c(-c1ccccc1)cn2C1CC(O)C1,CHEMBL168266,5.55,2820.0,2.82
COc1cccc(CNc2ncnc3cc(N)ncc23)c1,CHEMBL332173,5.54,2870.0,2.87
COc1cc(NC(=O)/C=C/CN(C)C)cc2c(Nc3cccc(Br)c3)c(C#N)cnc12,CHEMBL116857,5.54,2880.0,2.88
Cc1ccc2c(CCC(=O)O)c(SSc3[nH]c4cc(C)ccc4c3CCC(=O)O)[nH]c2c1,CHEMBL81480,5.54,2900.0,2.9
COc1cc(Nc2c(C#N)cnc3cc(-c4ccc(CN5CCOCC5)cc4)ccc23)c(Cl)cc1Cl,CHEMBL322395,5.52,3000.0,3000.0
COc1cc(Nc2ncnc3cc(OC)c(OC)cc23)cc(OC)c1.Cl,CHEMBL543661,5.52,3000.0,3.0
COc1cc(/C=C(\C#N)C(=O)NCCCCNC(=O)/C(C#N)=C/c2cc(Br)c(O)c(OC)c2)cc(Br)c1O,CHEMBL357400,5.52,3000.0,3.0
N#CC(C#N)=Cc1cc(O)c(O)c(O)c1,CHEMBL310798,5.52,3000.0,3.0
O=CN/C=C/c1cc(O)ccc1O,CHEMBL47986,5.52,3000.0,3.0
N#C/C(=C\c1ccc(O)c(O)c1)C(=O)NCCCNC(=O)/C(C#N)=C/c1ccc(O)c(O)c1,CHEMBL67535,5.52,3000.0,3.0
COc1cc(O)c2c(=O)c(-c3cccc(Cl)c3)cn(C)c2c1,CHEMBL7819,5.52,3000.0,3.0
N#C/C(=C\c1ccc(O)c(O)c1)C(=O)NCc1ccc(O)cc1,CHEMBL143805,5.52,3019.95,5.52
Cn1c(SSc2c(CCC(=O)O)c3ccccc3n2C)c(CCC(=O)O)c2ccccc21,CHEMBL84143,5.51,3100.0,3.1
Nc1ncnc2c1c(-c1ccc(Oc3ccccc3)cc1)cn2C1CCCC1,CHEMBL47940,5.50,3200.0,3.2
N#C/C(=C\c1ccc(O)c(O)c1)C(=O)NCCCNC(=O)/C(C#N)=C/c1ccc(O)c(O)c1,CHEMBL67535,5.48,3300.0,3.3
COc1cc(/C=C(\C#N)C(N)=O)cc(CSc2ccccn2)c1O,CHEMBL119156,5.47,3388.44,5.47
Nc1ncnc2c1c(-c1ccccc1)cn2-c1cccc(CNCCO)c1,CHEMBL176702,5.47,3400.0,3.4
COc1ccc(CC(CO)n2cc(-c3cccc(O)c3)c3c(N)ncnc32)cc1,CHEMBL169467,5.47,3400.0,3.4
CO[C@H]1[C@@H](N(C)C(=O)CNC(=O)OC(C)(C)C)C[C@@H]2O[C@@]1(C)n1c3ccccc3c3c4c(c5c6ccccc6n2c5c31)C(=O)NC4,CHEMBL335931,5.46,3500.0,3.5
Cn1c([Se][Se]c2c(C(=O)O)c3ccccc3n2C)c(C(=O)O)c2ccccc21,CHEMBL334915,5.46,3500.0,3.5
COc1ccc(C(=O)N(C)[C@H]2C[C@@H]3O[C@](C)([C@H]2OC)n2c4ccccc4c4c5c(c6c7ccccc7n3c6c42)C(=O)NC5)cc1,CHEMBL132169,5.44,3600.0,3.6
COc1ccc2c(C(=O)Nc3ccccc3)c(SSc3c(C(=O)Nc4ccccc4)c4ccc(OC)cc4n3C)n(C)c2c1,CHEMBL60472,5.44,3600.0,3.6
COc1ccccc1Nc1ncnc2cc(N)ncc12,CHEMBL126101,5.43,3710.0,3.71
CC#CC(=O)Nc1cnc2ncc(C#N)c(Nc3ccc(F)c(Cl)c3)c2c1,CHEMBL287022,5.42,3762.4,3762.4
COc1cc2ncc(C#N)c(Nc3cccc(Br)c3)c2cc1NC(=O)/C=C/CN1CCOCC1,CHEMBL332497,5.42,3830.0,3.83
N#C/C(=C\c1cc(O)c(O)c(Br)c1)C(=O)NCCCNC(=O)/C(C#N)=C/c1cc(O)c(O)c(Br)c1,CHEMBL144770,5.41,3900.0,3.9
CN(C)CC(CNNC(N)=O)C(=O)c1ccc(OCc2ccccc2)cc1.Cl,CHEMBL541307,5.41,3900.0,3.9
N#C/C(=C\c1ccc(O)c(O)c1)C(=O)N1CCN(C(=O)/C(C#N)=C/c2ccc(O)c(O)c2)CC1,CHEMBL358494,5.40,4000.0,4.0
N#C/C(=C\c1ccc(O)c(O)c1)C(=O)NC1CCCC[C@@H]1NC(=O)/C(C#N)=C/c1ccc(O)c(O)c1,CHEMBL144778,5.40,4000.0,4.0
N#C/C(=C\c1ccc(O)c(O)c1)C(N)=O,CHEMBL296407,5.40,4000.0,4.0
COc1cc(O)c2c(=O)c(-c3cccc(Cl)c3)cn(CCc3ccccc3)c2c1,CHEMBL7810,5.40,4000.0,4.0
COc1cc2ncnc(N(C)c3ccccc3)c2cc1OC.Cl,CHEMBL543669,5.40,4000.0,4.0
COc1cc(/C=C(\C#N)S(=O)(=O)/C(C#N)=C/c2cc(O)c(O)c(OC)c2)cc(O)c1O,CHEMBL342792,5.40,4000.0,4.0
CCN(CC)CCn1c2ccccc2c2c(Nc3cccc(Br)c3)ncnc21,CHEMBL448730,5.39,4100.0,4100.0
CN(C)C/C=C/C(=O)Nc1cnc2ncc(C#N)c(Nc3cccc(Br)c3)c2c1,CHEMBL441518,5.38,4128.6,4128.6
O=C(O)CCc1c(SSc2[nH]c3ccccc3c2CCC(=O)O)[nH]c2ccccc12,CHEMBL79704,5.38,4200.0,4.2
N[C@H](Cc1c([Se][Se]c2[nH]c3ccccc3c2C[C@H](N)C(=O)NCc2ccccc2)[nH]c2ccccc12)C(=O)NCc1ccccc1,CHEMBL336409,5.38,4200.0,4.2
Nc1cc2ncnc(NCc3ccccc3[N+](=O)[O-])c2cn1,CHEMBL125035,5.37,4250.0,4.25
CCN(CC)CCn1c2ccc(OC)cc2c2c(Nc3cccc(Br)c3)ncnc21,CHEMBL153518,5.37,4270.0,4270.0
N#C/C(=C\c1ccc(O)c(O)c1)C(=O)NCCCCNC(=O)/C(C#N)=C/c1ccc(O)c(O)c1,CHEMBL144589,5.37,4300.0,4.3
Cn1c(SSc2c(C(=O)Nc3ccccc3)c3cc(Cl)ccc3n2C)c(C(=O)Nc2ccccc2)c2cc(Cl)ccc21,CHEMBL293889,5.37,4300.0,4.3
Cc1cc(C(=O)N2CCOCC2)[nH]c1/C=C1\C(=O)Nc2ncnc(Nc3ccc4c(c3)CCC4)c21,CHEMBL65848,5.37,4320.0,4.32
CCCCNc1ncc2cc(-c3c(Cl)cccc3Cl)c(=O)n(C)c2n1,CHEMBL332269,5.36,4400.0,4.4
N#C/C(=C\c1ccc(O)c(O)c1)C(N)=O,CHEMBL296407,5.35,4466.84,5.35
O=C1NC(=O)c2cc(Nc3ccccc3)c(Nc3ccccc3)cc21,CHEMBL268868,,4500.0,4.5
Cc1ccc(Nc2cc3c(cc2Nc2ccc(C)cc2)C(=O)NC3=O)cc1,CHEMBL7914,5.35,4500.0,4.5
CCNc1ncc2cc(-c3c(Cl)cccc3Cl)c(=O)n(C)c2n1,CHEMBL109296,5.35,4500.0,4.5
CN1CCN(CCCCCNc2ncc3cc(-c4c(Cl)cccc4Cl)c(=O)n(C)c3n2)CC1,CHEMBL106232,5.35,4500.0,4.5
N#C/C(=C\c1ccc(O)c(O)c1)C(N)=O,CHEMBL296407,5.35,4500.0,4.5
CCN(CC)CCNC(=O)c1c([Se][Se]c2[nH]c3ccccc3c2C(=O)NCCN(CC)CC)[nH]c2ccccc12,CHEMBL135577,5.34,4600.0,4.6
CN1CCC(c2c(O)cc(O)c3c(=O)cc(-c4ccccc4Cl)oc23)[C@@H](O)C1,CHEMBL418203,5.34,4600.0,4.6
CO[C@H]1[C@@H](N(C)C(=O)c2cccc(Cl)c2)C[C@@H]2O[C@@]1(C)n1c3ccccc3c3c4c(c5c6ccccc6n2c5c31)C(=O)NC4,CHEMBL338944,5.34,4600.0,4.6
CCN(CC)CCNC(=O)c1c([Se][Se]c2c(C(=O)NCCN(CC)CC)c3ccccc3n2C)n(C)c2ccccc12,CHEMBL263666,5.33,4700.0,4.7
CO[C@H]1[C@@H](N(C)C(=O)c2ccccc2Cl)C[C@@H]2O[C@@]1(C)n1c3ccccc3c3c4c(c5c6ccccc6n2c5c31)C(=O)NC4,CHEMBL131590,5.33,4700.0,4.7
Nc1cc2ncnc(Nc3ccc(C(F)(F)F)cc3)c2cn1,CHEMBL339684,5.33,4700.0,4.7
O=C(O)CCc1c(SSc2[nH]c3ccccc3c2CCC(=O)O)[nH]c2ccccc12,CHEMBL79704,5.32,4800.0,4.8
CO[C@H]1[C@@H](N(C)C(=O)c2cccc([N+](=O)[O-])c2)C[C@@H]2O[C@@]1(C)n1c3ccccc3c3c4c(c5c6ccccc6n2c5c31)C(=O)NC4,CHEMBL130208,5.32,4800.0,4.8
CCN(CC)C(C)/C=C/C(=O)Nc1cc2c(Nc3ccc(F)c(Cl)c3)c(C#N)cnc2cc1OC,CHEMBL325156,5.32,4840.0,4.84
CN(C)c1ccc(Nc2ncnc3cc(N)ncc23)cc1,CHEMBL341053,5.31,4860.0,4.86
Cc1cc(C(=O)N2CCOCC2)[nH]c1/C=C1\C(=O)Nc2ncnc(Nc3ccc4c(c3)CCC4)c21,CHEMBL65848,5.30,5000.0,5.0
Cn1c(=O)c(-c2c(Cl)cccc2Cl)cc2cnc(NCCCN3CCOCC3)nc21,CHEMBL48172,,5000.0,5.0
Oc1cc2cc(-c3ccncc3)cnc2cc1O,CHEMBL87084,5.30,5000.0,5.0
Cn1c(=O)c(-c2c(Cl)cccc2Cl)cc2cnc(NCCO)nc21,CHEMBL111618,,5000.0,5.0
N#C/C(=C\c1ccc(O)c(O)c1)C(=O)NCCCCCCNC(=O)/C(C#N)=C/c1ccc(O)c(O)c1,CHEMBL144760,5.30,5000.0,5.0
Cn1c(=O)c(-c2c(Cl)cccc2Cl)cc2cnc(NCc3cccnc3)nc21,CHEMBL110034,,5000.0,5.0
Cc1cc(C(=O)O)[nH]c1/C=C1\C(=O)Nc2ncnc(Nc3ccc(F)c(Cl)c3)c21,CHEMBL305194,,5000.0,5.0
Cn1c(=O)c(-c2c(Cl)cccc2Cl)cc2cnc(NCc3ccccn3)nc21,CHEMBL326041,,5000.0,5.0
N#C/C(=C\c1ccc(O)c(O)c1)C(=O)c1ccc(O)c(O)c1,CHEMBL56393,5.30,5000.0,5.0
Cn1c(SSc2c(C(=O)Nc3ccccc3)c3cc([N+](=O)[O-])ccc3n2C)c(C(=O)Nc2ccccc2)c2cc([N+](=O)[O-])ccc21,CHEMBL64430,5.30,5000.0,5.0
N#C/C(=C\c1ccc(O)c(O)c1)C(=O)NCCCCc1ccccc1,CHEMBL440298,5.30,5000.0,5.0
N#C/C(=C\c1cc(O)c(O)c(O)c1)C(=O)NCCCCNC(=O)/C(C#N)=C/c1cc(O)c(O)c(O)c1,CHEMBL358746,5.30,5000.0,5.0
Cn1c(=O)c(-c2c(Cl)cccc2Cl)cc2cnc(NCCc3ccccn3)nc21,CHEMBL323699,,5000.0,5.0
Cn1c(=O)c(-c2c(Cl)cccc2Cl)cc2cnc(Nc3ccc(Cl)cc3)nc21,CHEMBL111247,,5000.0,5.0
CC(C)Nc1ncc2cc(-c3c(Cl)cccc3Cl)c(=O)n(C)c2n1,CHEMBL109759,,5000.0,5.0
N#C/C(=C\c1ccc(O)c(O)c1)C(=O)NCCCCNC(=O)/C(C#N)=C/c1ccc(O)c(O)c1,CHEMBL144589,5.30,5000.0,5.0
N#C/C(=C\c1ccc(O)c(O)c1)C(=O)NCCCCc1ccccc1,CHEMBL440298,5.30,5011.87,5.3
N#C/C(=C\c1ccc(O)c(O)c1)C(=O)c1ccc(O)c(O)c1,CHEMBL56393,5.30,5011.87,5.3
COc1cc(Nc2nccc(-c3ccc(NCCN)nc3)n2)cc(OC)c1OC,CHEMBL113185,5.29,5100.0,5100.0
N#C/C(=C\c1ccc(O)c(O)c1)C(=O)c1ccc(F)cc1,CHEMBL55204,5.29,5128.61,5.29
COc1cc2ncc(C#N)c(Nc3ccc(F)c(Cl)c3)c2cc1NC(=O)/C=C/C(C)N(C)C,CHEMBL113901,5.28,5220.0,5.22
COc1cc(/C=C(\C#N)C(N)=O)cc(CSc2nc3ccccc3o2)c1O,CHEMBL118205,5.28,5248.07,5.28
Nc1cc2ncnc(Nc3ccccc3N)c2cn1,CHEMBL124618,5.28,5250.0,5.25
CC(=O)Oc1ccc2c(c1)c(C(=O)Nc1ccccc1)c(SSc1c(C(=O)Nc3ccccc3)c3cc(OC(C)=O)ccc3n1C)n2C,CHEMBL61119,5.28,5300.0,5.3
Cc1cc(C(=O)NCCN2CCOCC2)[nH]c1/C=C1\C(=O)N(C)c2ncnc(Nc3ccc(F)c(Cl)c3)c21,CHEMBL443268,5.28,5310.0,5.31
COc1cc(NC(=O)/C=C/CN2CCOCC2)cc2c(Nc3cccc(Br)c3)c(C#N)cnc12,CHEMBL113985,5.27,5390.0,5.39
Brc1cccc(Nc2ccnc3ccccc23)c1,CHEMBL37346,5.26,5500.0,5500.0
CC(C)(C)NC(=O)Nc1nc2nc(N)ncc2cc1-c1ccccc1,CHEMBL76599,5.26,5530.0,5.53
C=C(CN(C)C)C(=O)c1ccccc1.Cl,CHEMBL468975,5.25,5600.0,5.6
Cn1c(=O)c(-c2c(Cl)cccc2Cl)cc2cnc(N)nc21,CHEMBL49596,5.25,5600.0,5.6
N#C/C(=C\c1ccc(O)c(O)c1)C(=O)NCN1CCN(C(=O)/C(C#N)=C/c2ccc(O)c(O)c2)CC1,CHEMBL145209,5.24,5800.0,5.8
N#C/C(=C\c1ccc(O)c(O)c1)C(=O)NC1CCCCC1,CHEMBL417941,5.23,5888.44,5.23
Nc1ccc(Nc2ncnc3cc(N)ncc23)cc1,CHEMBL333272,5.23,5900.0,5.9
COc1cc(O)c2c(O)c(-c3cccc(Cl)c3)cnc2c1,CHEMBL440453,5.22,6000.0,6.0
COc1cc(C=C(C#N)C#N)cc(O)c1O,CHEMBL80155,5.22,6000.0,6.0
N#C/C(=C\c1ccc(O)c(O)c1)C(=O)NCc1cccc(CNC(=O)/C(C#N)=C/c2ccc(O)c(O)c2)c1,CHEMBL144159,5.22,6000.0,6.0
CNC(=O)c1c([Se][Se]c2c(C(=O)NC)c3ccccc3n2C)n(C)c2ccccc12,CHEMBL137422,5.21,6100.0,6.1
CCN(CC)CCCNc1ncc2cc(-c3c(Cl)cccc3Cl)c(NC(=O)NC(C)(C)C)nc2n1,CHEMBL299026,5.21,6200.0,6.2
N#C/C(=C\c1ccc(O)c(O)c1)C(=O)NCCN1CCN(C(=O)/C(C#N)=C/c2ccc(O)c(O)c2)CC1,CHEMBL343887,5.21,6200.0,6.2
CC#CC(=O)Nc1cnc2ncc(C#N)c(Nc3cccc(Br)c3)c2c1,CHEMBL31745,5.20,6266.2,6266.2
Nc1ncnc2c1c(-c1ccccc1)cn2-c1ccccc1CNCCO,CHEMBL176470,5.19,6400.0,6.4
CO[C@H]1[C@@H](N(C)C(=O)C(F)(F)F)C[C@@H]2O[C@@]1(C)n1c3ccccc3c3c4c(c5c6ccccc6n2c5c31)C(=O)NC4,CHEMBL335932,5.19,6400.0,6.4
COc1cccc2c(C(=O)Nc3ccccc3)c(SSc3c(C(=O)Nc4ccccc4)c4cccc(OC)c4n3C)n(C)c12,CHEMBL292323,5.19,6500.0,6.5
N#C/C(=C\c1ccc(O)c(O)c1)C(=O)c1ccccc1Cl,CHEMBL59145,5.18,6606.93,5.18
Cc1cc(C)c(C)c(-c2cc3cnc(N)nc3nc2NC(=O)NC(C)(C)C)c1C,CHEMBL56236,5.17,6680.0,6.68
CN1C(=S)C(CCC(=O)O)c2ccccc21,CHEMBL309765,5.17,6700.0,6.7
O=C(O)CCCC1C(S)=Nc2ccccc21,CHEMBL84513,5.17,6700.0,6.7
COc1cc(C=C(C#N)C#N)cc(CSc2ccccc2)c1O,CHEMBL122522,5.17,6760.83,5.17
CC#CC(=O)Nc1cnc2ncc(C#N)c(Nc3ccc(F)c(Cl)c3)c2c1,CHEMBL287022,5.17,6794.8,6794.8
CNC(=O)c1c(SSc2c(C(=O)NC)c3ccccc3n2C)n(C)c2ccccc12,CHEMBL342929,5.16,6900.0,6.9
CCN(CC)CCn1c([Se][Se]c2c(C(=O)NC)c3ccccc3n2CCN(CC)CC)c(C(=O)NC)c2ccccc21,CHEMBL334439,5.16,6900.0,6.9
Cc1cc(C)c(C)c(-c2cc3cnc(NCCCN4CCN(C)CC4)nc3nc2NC(=O)NC(C)(C)C)c1C,CHEMBL75188,5.16,7000.0,7.0
CO[C@H]1[C@@H](N(C)C(=O)c2ccc(Cl)cc2)C[C@@H]2O[C@@]1(C)n1c3ccccc3c3c4c(c5c6ccccc6n2c5c31)C(=O)NC4,CHEMBL131715,5.16,7000.0,7.0
N#C/C(=C\c1ccc(O)c(O)c1)C(=O)NCCCN1CCN(CCCNC(=O)/C(C#N)=C/c2ccc(O)c(O)c2)CC1,CHEMBL144402,5.16,7000.0,7.0
N#C/C(=C\c1ccc(O)c(O)c1)C(=O)NCc1ccccc1,CHEMBL56543,5.16,7000.0,7.0
N#C/C(=C\c1ccc(O)c(O)c1)C(N)=S,CHEMBL77030,5.16,7000.0,7.0
O=CN/C=C/c1ccc(O)c(O)c1,CHEMBL46946,5.16,7000.0,7.0
O=C(NCc1ccccc1)[C@H](Cc1c([Se][Se]c2[nH]c3ccccc3c2C[C@@H](NC(=O)C(F)(F)F)C(=O)NCc2ccccc2)[nH]c2ccccc12)NC(=O)C(F)(F)F,CHEMBL336410,5.16,7000.0,7.0
CN(C)CC(CSc1ccccc1)C(=O)c1ccc(OCc2ccccc2)cc1.Cl,CHEMBL540292,5.14,7300.0,7.3
N#C/C(=C\c1cc(O)c(O)c(Br)c1)C(=O)NCCCNC(=O)/C(C#N)=C/c1cc(O)c(O)c(Br)c1,CHEMBL144770,5.14,7300.0,7.3
O=C(CCc1c(SSc2[nH]c3ccccc3c2CCC(=O)NCc2ccc(C(=O)O)cc2)[nH]c2ccccc12)NCc1ccc(C(=O)O)cc1,CHEMBL155293,5.13,7400.0,7.4
COC(=O)c1ccc(C(=O)N(C)[C@H]2C[C@@H]3O[C@](C)([C@H]2OC)n2c4ccccc4c4c5c(c6c7ccccc7n3c6c42)C(=O)NC5)cc1,CHEMBL336192,5.13,7400.0,7.4
NC(Cc1c(SSc2[nH]c3ccccc3c2CC(N)C(=O)NCc2ccccc2)[nH]c2ccccc12)C(=O)NCc1ccccc1,CHEMBL336174,5.13,7400.0,7.4
CCN1CCN(C(=O)c2cc(C)c(/C=C3\C(=O)Nc4ncnc(Nc5ccc(F)c(Cl)c5)c43)[nH]2)CC1,CHEMBL66570,5.12,7500.0,7.5
CNc1ncc2cc(-c3c(Cl)cccc3Cl)c(=O)n(C)c2n1,CHEMBL107472,5.12,7500.0,7.5
C/C=C/C(=O)Nc1cc2c(Nc3ccc(F)c(Cl)c3)c(C#N)cnc2cc1OCC,CHEMBL113902,5.12,7500.0,7.5
CN1CC[C@H](c2c(O)cc(O)c3c(=O)cc(-c4ccccc4Cl)oc23)[C@H](O)C1,CHEMBL428690,5.12,7600.0,7600.0
NC(Cc1c(SSc2[nH]c3ccccc3c2CC(N)C(=O)NCc2ccccc2)[nH]c2ccccc12)C(=O)NCc1ccccc1,CHEMBL336174,5.12,7600.0,7.6
Nc1cccc(-c2cc(=O)c3c(N)c(O)c(N)cc3o2)c1,CHEMBL325949,5.11,7800.0,7.8
COc1cccc(-c2cn(C3CCN(CCN(C)CCO)CC3)c3ncnc(N)c23)c1,CHEMBL168661,5.11,7800.0,7.8
Cc1cc(C)c(/C=C2\C(=O)Nc3ncnc(Nc4ccc(F)c(Cl)c4)c32)[nH]1,CHEMBL68920,5.11,7820.0,7.82
COc1cc(C=C(C#N)C#N)cc(CSc2ccccc2C(=O)O)c1O,CHEMBL118321,5.10,7943.28,5.1
Nc1cc2ncnc(NCc3ccc(C(F)(F)F)cc3)c2cn1,CHEMBL333041,5.10,8000.0,8.0
C/N=N/Nc1ccc2ncnc(N(C)c3ccccc3)c2c1,CHEMBL135592,5.10,8000.0,8.0
CO[C@H]1[C@@H](N(C)C(=O)c2cccnc2)C[C@@H]2O[C@@]1(C)n1c3ccccc3c3c4c(c5c6ccccc6n2c5c31)C(=O)NC4,CHEMBL335012,5.09,8180.0,8.18
CO[C@H]1[C@@H](N(C)C(=O)c2cnccn2)C[C@@H]2O[C@@]1(C)n1c3ccccc3c3c4c(c5c6ccccc6n2c5c31)C(=O)NC4,CHEMBL337297,5.09,8180.0,8.18
CC(C)(C)OC(=O)N1CCC(n2cc(-c3ccccc3)c3c(N)ncnc32)C1,CHEMBL353823,5.08,8300.0,8.3
Cn1c(SSc2c(CCCC(=O)O)c3ccccc3n2C)c(CCCC(=O)O)c2ccccc21,CHEMBL82214,5.08,8300.0,8.3
CN(c1ccccc1)c1ncnc2ccc(N)cc12,CHEMBL136492,5.08,8400.0,8.4
Cc1ccc2[nH]c(SSc3[nH]c4ccc(C)cc4c3CCC(=O)O)c(CCC(=O)O)c2c1,CHEMBL83559,5.08,8400.0,8.4
O=C(CCc1c(SSc2[nH]c3ccccc3c2CCC(=O)NCc2ccc(C(=O)O)c(O)c2)[nH]c2ccccc12)NCc1ccc(C(=O)O)c(O)c1,CHEMBL347668,5.07,8500.0,8.5
CN1CCN(CCCNc2ncc3cc(-c4c(Cl)cccc4Cl)c(=O)n(C)c3n2)CC1,CHEMBL299194,5.06,8700.0,8.7
CN(c1ccccc1)c1cc2c(cc1Nc1ccccc1)C(=O)NC2=O,CHEMBL7775,5.06,8700.0,8.7
Nc1ccc(-c2cc(=O)c3cc(N)ccc3o2)cc1,CHEMBL112925,5.06,8700.0,8.7
COc1cc(/C=C(\C#N)C(N)=O)cc(CSC2=NCCS2)c1O,CHEMBL324030,5.06,8709.64,5.06
CN(C)CC(CSCCN)C(=O)c1ccc(OCc2ccccc2)cc1.Cl,CHEMBL543361,5.06,8800.0,8.8
COC(=O)c1ccccc1SCC(CN(C)C)C(=O)c1ccc(OCc2ccccc2)cc1.Cl,CHEMBL538757,5.06,8800.0,8.8
COc1cccc(-c2ccc3c(c2)NC(=O)/C3=C\c2[nH]c3c(c2CCC(=O)O)CCCC3)c1,CHEMBL432941,5.05,8880.0,8.88
COC(=O)c1cccc(NCc2cc(O)ccc2O)c1,CHEMBL334334,5.05,9000.0,9.0
N#C/C(=C\c1ccc(O)c(O)c1)C(=O)NCCCCCNC(=O)/C(C#N)=C/c1ccc(O)c(O)c1,CHEMBL144842,5.05,9000.0,9.0
COC(=O)c1cc(NCc2cc(O)ccc2O)ccc1O,CHEMBL131653,5.05,9000.0,9.0
CN(c1ccccc1)c1ncnc2ccc(N/N=N/Cc3ccccn3)cc12,CHEMBL137635,5.03,9300.0,9.3
O=C(O)Cc1c(SSSc2[nH]c3ccccc3c2CC(=O)O)[nH]c2ccccc12,CHEMBL79970,5.03,9300.0,9.3
CNC(=O)CCc1c(SSc2[nH]c3ccccc3c2CCC(=O)NC)[nH]c2ccccc12,CHEMBL345203,5.03,9400.0,9.4
COC(=O)c1cc(NCc2cc(O)ccc2O)ccc1OC,CHEMBL129930,5.02,9500.0,9.5
COc1ccc(CC(CO)n2cc(-c3cccc(OC)c3)c3c(N)ncnc32)cc1,CHEMBL168555,5.01,9700.0,9.7
CC(=O)Oc1cccc2c(C(=O)Nc3ccccc3)c(SSc3c(C(=O)Nc4ccccc4)c4cccc(OC(C)=O)c4n3C)n(C)c12,CHEMBL291359,5.00,9900.0,9.9
COc1ccc(Oc2ccnc3cc(OC)c(OC)cc23)cc1OC,CHEMBL327300,,10000.0,10.0
CC(=O)Nc1ccc(Nc2ncnc3cc(N)ncc23)cc1,CHEMBL122081,,10000.0,10.0
Cc1nc(Nc2cccc(Br)c2)c2ccccc2n1,CHEMBL37099,,10000.0,10000.0
CN(C)CCOc1cc2c(Nc3cccc(Br)c3)c(C#N)cnc2cn1,CHEMBL31118,,10000.0,10000.0
CC#CC(=O)Nc1cnc2ncc(C#N)c(Nc3cccc(Br)c3)c2c1,CHEMBL31745,,10000.0,10000.0
CN(C)c1cccc(CNc2ncnc3cc(N)ncc23)c1,CHEMBL333045,5.00,10000.0,10.0
COc1cc(OC)c2cc(-c3ccncc3)cnc2c1,CHEMBL68423,,10000.0,10.0
Cn1c(SSc2c(C(=O)Nc3ccccc3)c3ccccc3n2C)c(C(=O)Nc2ccccc2)c2ccccc21,CHEMBL304414,5.00,10000.0,10.0
CN(C)CCOc1cc2c(Nc3cccc(Br)c3)c(C#N)cnc2cn1,CHEMBL31118,,10000.0,10000.0
Nc1cccc(CNc2ncnc3cc(N)ncc23)c1,CHEMBL127763,,10000.0,10.0
CC(C)(C)OC(=O)N1CCC(n2cc(-c3cccc(O)c3)c3c(N)ncnc32)C1,CHEMBL168921,,10000.0,10.0
N#C/C(=C\c1cc(O)ccc1O)C(N)=O,CHEMBL47660,5.00,10000.0,10.0
Cc1nc(Nc2cccc(Br)c2)c2c(n1)[nH]c1ccccc12.Cl,CHEMBL555739,,10000.0,10000.0
COc1cccc2c(Nc3cccc(Br)c3)ncnc12,CHEMBL289787,,10000.0,10000.0
CC(=O)Nc1cccc(Nc2ncnc3cc(N)ncc23)c1,CHEMBL125983,,10000.0,10.0
COC(=O)c1ccc(NCc2cc(O)ccc2O)cc1O,CHEMBL133283,5.00,10000.0,10.0
Clc1ccc2cc(-c3ccncc3)cnc2c1,CHEMBL86664,,10000.0,10.0
CN(C)CCOc1cc2c(Nc3ccc(F)c(Cl)c3)c(C#N)cnc2cn1,CHEMBL31437,,10000.0,10000.0
CN(C)CCOc1cc2c(Nc3ccc(F)c(Cl)c3)c(C#N)cnc2cn1,CHEMBL31437,,10000.0,10000.0
N#C/C(=C\c1ccc(O)c(O)c1)C(=O)NCCN1CCN(C(=O)/C(C#N)=C/c2ccc(O)c(O)c2)CC1,CHEMBL343887,5.00,10000.0,10.0
COc1cccc(-c2cn(-c3ccccc3)c3ncnc(N)c23)c1,CHEMBL172973,,10000.0,10.0
COC(=O)c1cc(/N=C/c2ccccc2O)ccc1O,CHEMBL335074,,10000.0,10.0
COc1cc2cc(-c3ccncc3)cnc2cc1OC,CHEMBL280069,,10000.0,10.0
COc1cc(Nc2nccc(-c3cccnc3)n2)cc(OC)c1OC,CHEMBL112263,,10000.0,10000.0
N#C/C(=C\c1ccc(O)c(O)c1)C(N)=O,CHEMBL296407,5.00,10000.0,10.0
COC(=O)c1ccc(/N=C/c2cc(O)ccc2O)cc1O,CHEMBL130893,,10000.0,10.0
CC[C@H]1CN(c2ccc(-c3ccnc(Nc4cc(OC)c(OC)c(OC)c4)n3)cn2)CCN1,CHEMBL112346,,10000.0,10000.0
COC(=O)c1cc(/N=C/c2ccc(O)cc2)ccc1O,CHEMBL130117,,10000.0,10.0
Nc1cc2ncnc(Nc3ccccc3C(F)(F)F)c2cn1,CHEMBL332879,5.00,10000.0,10.0
Nc1ncnc2c1c(-c1cccc(O)c1)cn2C1CCNC1,CHEMBL171545,,10000.0,10.0
N#C/C(=C\c1ccc(O)c(O)c1)C(N)=O,CHEMBL296407,5.00,10000.0,10.0
NC(=O)CN1CCC(n2cc(-c3cccc(O)c3)c3c(N)ncnc32)C1,CHEMBL408683,,10000.0,10.0
Nc1cc2ncnc(NCc3ccccc3C(F)(F)F)c2cn1,CHEMBL126062,5.00,10000.0,10.0
CN(C)C(=O)CN1CCC(n2cc(-c3cccc(O)c3)c3c(N)ncnc32)CC1,CHEMBL169920,,10000.0,10.0
Nc1cc2ncnc(NCc3ccc([N+](=O)[O-])cc3)c2cn1,CHEMBL126097,,10000.0,10.0
C[C@H](Nc1cc(-c2c(-c3cccc(C(F)(F)F)c3)nc(C3CCNCC3)n2C)ccn1)c1ccccc1,CHEMBL303144,,10000.0,10000.0
CCN(CC)CCNC(=O)c1c(C)[nH]c(/C=C2\C(=O)Nc3ccc(Br)cc32)c1C,CHEMBL13629,5.00,10000.0,10.0
COC(=O)CN1CCC(n2cc(-c3cccc(O)c3)c3c(N)ncnc32)CC1,CHEMBL262276,,10000.0,10.0
COc1cccc(-c2cn(C3CCN(CCO)CC3)c3ncnc(N)c23)c1,CHEMBL169200,,10000.0,10.0
N#C/C(=C\c1ccc(O)c(O)c1)C(=O)NCCNC(=O)/C(C#N)=C/c1ccc(O)c(O)c1,CHEMBL144908,5.00,10000.0,10.0
COc1cc2c(Oc3ccc(Nc4ccc(C(C)(C)C)cc4)cc3)ccnc2cc1OCCNCCO,CHEMBL352308,,10000.0,10000.0
Nc1ncnc2c1c(-c1cccc(O)c1)cn2C1CCN(CCO)CC1,CHEMBL169780,,10000.0,10.0
N#C/C(=C\c1ccc(O)c(O)c1)C(=O)N1CCN(C(=O)/C(C#N)=C/c2ccc(O)c(O)c2)CC1,CHEMBL358494,5.00,10000.0,10.0
COC(=O)c1cc(NCc2ccc(O)cc2)ccc1O,CHEMBL130337,,10000.0,10.0
Nc1cc2ncnc(Nc3cccnc3)c2cn1,CHEMBL122168,,10000.0,10.0
C[C@H](Nc1nccc(-c2c(-c3cccc(C(F)(F)F)c3)nc(C3CCNCC3)n2C)n1)c1ccccc1,CHEMBL305178,,10000.0,10000.0
CCOC(C)=O.CN(C)CCNc1[nH]cnc2nc3ccccc3c1-2,CHEMBL357326,,10000.0,10000.0
COCCNCCN1CCC(n2cc(-c3cccc(OC)c3)c3c(N)ncnc32)CC1,CHEMBL172514,,10000.0,10.0
COC(=O)CN1CCC(n2cc(-c3cccc(O)c3)c3c(N)ncnc32)C1,CHEMBL355019,,10000.0,10.0
Nc1ccc(CNc2ncnc3cc(N)ncc23)cc1,CHEMBL124836,,10000.0,10.0
COCCN(C)CCN1CCC(n2cc(-c3cccc(OC)c3)c3c(N)ncnc32)CC1,CHEMBL274732,,10000.0,10.0
NC(=O)CN1CCC(n2cc(-c3cccc(O)c3)c3c(N)ncnc32)CC1,CHEMBL263528,,10000.0,10.0
Cc1cccc(Cl)c1NC(=O)c1cnc(NC(=O)C2CC2)s1,CHEMBL131577,5.00,10000.0,10.0
Nc1cc2ncnc(NCc3cccc([N+](=O)[O-])c3)c2cn1,CHEMBL123676,5.00,10100.0,10.1
O=C(O)Cc1c(SSc2[nH]c3ccccc3c2CC(=O)O)[nH]c2ccccc12,CHEMBL419650,4.99,10200.0,10.2
Cc1cccc(C)c1NC(=O)/C(C#N)=C/c1ccc(O)c(O)c1,CHEMBL55360,4.99,10232.93,4.99
N#C/C(=C\c1ccc(O)c(O)c1)C(=O)NCc1cccc(CNC(=O)/C(C#N)=C/c2ccc(O)c(O)c2)c1,CHEMBL144159,4.99,10300.0,10.3
CCOc1cc2ncc(C#N)c(Nc3cccc(Br)c3)c2cc1NC(=O)/C=C/CN1CCOCC1,CHEMBL116012,4.99,10320.0,10.32
COc1cc2ncc(C#N)c(Nc3ccc(F)c(Cl)c3)c2cc1NC(=O)/C=C/C(C)N1CCOCC1,CHEMBL114073,4.97,10590.0,10.59
N#C/C(=C\c1ccc(O)c(O)c1)C(=O)c1ccc([N+](=O)[O-])cc1,CHEMBL56879,4.96,10964.78,4.96
N#C/C(=C\c1ccc(O)c(O)c1)C(=O)NCCCCCCNC(=O)/C(C#N)=C/c1ccc(O)c(O)c1,CHEMBL144760,4.96,11000.0,11.0
N#C/C(=C\c1cc(O)c(O)c(Br)c1)S(=O)(=O)/C(C#N)=C/c1cc(O)c(O)c(Br)c1,CHEMBL144791,4.96,11000.0,11.0
O=C(O)CCNc1cc2ncnc(Nc3cccc(Br)c3)c2cn1,CHEMBL127086,4.94,11400.0,11400.0
Cn1c(SSc2c(C(=O)Nc3ccccc3)c3cc(Br)ccc3n2C)c(C(=O)Nc2ccccc2)c2cc(Br)ccc21,CHEMBL293251,4.94,11400.0,11.4
N#C/C(=C\c1ccc(O)c(O)c1)S(=O)(=O)/C(C#N)=C/c1ccc(O)c(O)c1,CHEMBL356324,4.92,12000.0,12.0
O=c1c(-c2cccc(Cl)c2)coc2cc(O)cc(O)c12,CHEMBL7827,4.92,12000.0,12.0
CN(C)C(=O)CCc1c(SSc2[nH]c3ccccc3c2CCC(=O)N(C)C)[nH]c2ccccc12,CHEMBL422531,4.92,12000.0,12.0
N#C/C(=C\c1ccc(O)c(O)c1)C(=O)N1CCc2ccccc21,CHEMBL56542,4.92,12022.64,4.92
N#C/C(=C\c1ccc(O)c(O)c1)C(=O)NCC1CCCC(CNC(=O)/C(C#N)=C/c2ccc(O)c(O)c2)C1,CHEMBL357161,4.90,12500.0,12.5
COC(=O)Cn1cc(-c2cccc(Cl)c2)c(=O)c2c(O)cc(OC)cc21,CHEMBL7866,4.90,12500.0,12.5
CNC(=S)N(C)[C@H]1C[C@@H]2O[C@](C)([C@H]1OC)n1c3ccccc3c3c4c(c5c6ccccc6n2c5c31)C(=O)NC4,CHEMBL337035,4.90,12500.0,12.5
CNC(=O)c1c([Se][Se]c2[nH]c3ccccc3c2C(=O)NC)[nH]c2ccccc12,CHEMBL135861,4.89,13000.0,13.0
CNc1cc2c(Nc3cccc(Br)c3)ncnc2cn1,CHEMBL53753,4.89,13000.0,13.0
Nc1ncnc2c1c(-c1ccccc1)cn2C(CO)Cc1ccc(O)cc1,CHEMBL170438,4.88,13200.0,13.2
CN(C)/N=N/c1ccc2ncnc(N(C)c3ccccc3)c2c1,CHEMBL344652,4.88,13350.0,13.35
Nc1ncnc2c1c(-c1ccccc1)cn2C1CCNC1,CHEMBL168829,4.87,13400.0,13.4
N#CC(C#N)=C(O)c1cc(O)c(O)c(O)c1,CHEMBL309598,4.87,13500.0,13.5
CO[C@H]1[C@@H](N(C)C(=O)OC(C)(C)C)C[C@@H]2O[C@@]1(C)n1c3ccccc3c3c4c(c5c6ccccc6n2c5c31)C(=O)NC4,CHEMBL338449,4.87,13500.0,13.5
N#C/C(=C\c1ccc(O)c(O)c1)C(=O)NC1CCCC[C@@H]1NC(=O)/C(C#N)=C/c1ccc(O)c(O)c1,CHEMBL144778,4.87,13500.0,13.5
COc1cc2ncc(C#N)c(Nc3ccc(F)c(Cl)c3)c2cc1NC(=O)/C=C/CN1CCOCC1,CHEMBL113996,4.87,13570.0,13.57
O=C(NCc1ccccc1)C(O)Cc1c(SSc2[nH]c3ccccc3c2CC(O)C(=O)NCc2ccccc2)[nH]c2ccccc12,CHEMBL157952,4.85,14000.0,14.0
O=CN/C=C/c1cc(O)ccc1O,CHEMBL47986,4.85,14000.0,14.0
Nc1ccc(-c2cc(=O)c3cc(N)c(O)cc3o2)cc1,CHEMBL432416,4.85,14100.0,14.1
N#C/C(=C\c1ccc(O)c(O)c1)C(=O)c1ccccc1,CHEMBL56132,4.85,14125.38,4.85
COc1ccc(CC(CO)n2cc(-c3ccccc3)c3c(N)ncnc32)cc1,CHEMBL171256,4.84,14400.0,14.4
COc1cc(/C=C(\C#N)C(N)=O)cc(CSc2nc3ccccc3[nH]2)c1O,CHEMBL331026,4.84,14454.4,4.84
O=C(O)CC1C(S)=Nc2ccccc21,CHEMBL83429,4.83,14900.0,14.9
Cc1ccc(C(=O)/C(C#N)=C/c2ccc(O)c(O)c2)cc1,CHEMBL54471,4.82,15135.61,4.82
COc1cc(/C=C(/C#N)C(N)=O)cc(CSCc2ccc(Cl)cc2)c1O,CHEMBL141175,4.80,15848.93,4.8
NC(=O)CCc1c(SSc2[nH]c3ccccc3c2CCC(N)=O)[nH]c2ccccc12,CHEMBL157021,4.80,16000.0,16.0
COc1ccc(Nc2cc3c(cc2Nc2ccccc2)C(=O)NC3=O)cc1,CHEMBL8095,4.75,18000.0,18.0
COC(=O)Cc1c(SSc2[nH]c3ccccc3c2CC(=O)OC)[nH]c2ccccc12,CHEMBL83838,4.75,18000.0,18.0
CS(=O)(=O)CCNc1nc(-c2ccc3ncnc(Nc4ccc(OCc5cccc(C(F)(F)F)c5)cc4)c3c2)cs1,CHEMBL269620,4.75,18000.0,18.0
O=C(O)CCCc1c(SSc2[nH]c3ccccc3c2CCCC(=O)O)[nH]c2ccccc12,CHEMBL79531,4.75,18000.0,18.0
COc1cc(/C=C(\C#N)C(=O)NCCCCNC(=O)/C(C#N)=C/c2cc(OC)c(O)c([N+](=O)[O-])c2)cc([N+](=O)[O-])c1O,CHEMBL145266,4.72,19000.0,19.0
COc1cc(/C=C(\C#N)C(N)=O)cc(CSc2nc3ccccc3s2)c1O,CHEMBL118109,4.72,19054.61,4.72
Cc1cc(C)c(NC(=O)/C(C#N)=C/c2ccc(O)c(O)c2)c(C)c1,CHEMBL141238,4.72,19054.61,4.72
Cc1cc(C)c(C(=O)/C(C#N)=C/c2ccc(O)c(O)c2)c(C)c1,CHEMBL55993,4.72,19054.61,4.72
COc1ccccc1-c1ccc2c(c1)NC(=O)/C2=C\c1[nH]cc(CCC(=O)O)c1C,CHEMBL147112,4.72,19200.0,19.2
Cc1[nH]c(/C=C2\C(=O)Nc3ccccc32)c(C)c1CCC(=O)O,CHEMBL274654,,20000.0,20.0
COc1cc2cc(-c3ccc(OCc4ccccc4)cc3)cnc2cc1OC,CHEMBL308210,,20000.0,20.0
COc1cc2cc(-c3ccc(N(C)C)cc3)cnc2cc1OC,CHEMBL66502,,20000.0,20.0
COc1ccc2cc(-c3c[nH]c4ccccc34)cnc2c1OC,CHEMBL430605,,20000.0,20.0
Cc1[nH]c(/C=C2\C(=O)Nc3ccccc32)c(C)c1CCCN1CCN(C)CC1,CHEMBL430155,,20000.0,20.0
COc1cccc(-c2cnc3cc(OC)c(OC)cc3c2)c1,CHEMBL308466,,20000.0,20.0
COc1cc2cc(C#Cc3ccccc3)cnc2cc1OC,CHEMBL67059,,20000.0,20.0
COc1ccc(/C=C/c2cnc3cc(OC)c(OC)cc3c2)cc1,CHEMBL66101,4.70,20000.0,20.0
COc1cc2cc(C3CCCC3)cnc2cc1OC,CHEMBL66785,,20000.0,20.0
COc1ccc2ncc(-c3ccsc3)cc2c1,CHEMBL303184,,20000.0,20.0
COc1cc2cc(N)cnc2cc1OC,CHEMBL303037,,20000.0,20.0
Cc1[nH]c(/C=C2\C(=O)Nc3ccc(F)cc32)c(C)c1C(=O)NCc1ccncc1,CHEMBL268731,,20000.0,20.0
O=C(O)c1cc(/N=C/c2ccccc2O)ccc1O,CHEMBL130694,,20000.0,20.0
c1ccc2ncc(-c3ccsc3)cc2c1,CHEMBL304310,,20000.0,20.0
COc1cc2cc(-c3ccc(-c4ccccc4)cc3)cnc2cc1OC,CHEMBL66329,,20000.0,20.0
COc1ccc(-c2cnc3cc(OC)c(OC)cc3c2)s1,CHEMBL302745,,20000.0,20.0
COc1cc2cc(-c3ccc(Cl)c(Cl)c3)cnc2cc1OC,CHEMBL67702,,20000.0,20.0
COc1cc2cc(/C=C/c3ccccc3)cnc2cc1OC,CHEMBL70149,,20000.0,20.0
Cc1cc(C)c(/C=C2\C(=O)N(C)c3ncnc(Nc4ccc(F)c(Cl)c4)c32)[nH]1,CHEMBL69709,,20000.0,20.0
Cc1[nH]c(/C=C2\C(=O)Nc3ccc(F)cc32)c(C)c1C(=O)NCCN1CCOCC1,CHEMBL13354,,20000.0,20.0
COc1cc2cc(-c3ccc(Cl)s3)cnc2cc1OC,CHEMBL69820,,20000.0,20.0
O=C(O)c1cc(NCc2ccccc2O)ccc1O,CHEMBL131407,,20000.0,20.0
COC(=O)c1cc(NCc2ccccc2O)ccc1O,CHEMBL132907,4.70,20000.0,20.0
COc1cc2cc(-c3ccsc3)cnc2cc1OC,CHEMBL66643,,20000.0,20.0
COc1cc2cc(-c3ccc(O)nc3)cnc2cc1OC,CHEMBL66981,,20000.0,20.0
COc1cc2cc(OCc3ccccc3)cnc2cc1OC,CHEMBL66932,,20000.0,20.0
COc1cc2cc(-c3ccccc3OC)cnc2cc1OC,CHEMBL419248,,20000.0,20.0
COc1cc2cc(-c3cc(F)c(OC)c(F)c3)cnc2cc1OC,CHEMBL66924,,20000.0,20.0
Cc1cc(C)c2cc(-c3ccsc3)cnc2c1,CHEMBL304333,,20000.0,20.0
COc1cc2cc(-c3cccc(F)c3)cnc2cc1OC,CHEMBL302491,,20000.0,20.0
COc1cc2cc(NCc3ccccc3)cnc2cc1OC,CHEMBL65850,,20000.0,20.0
Cc1ccc(C)c2ncc(-c3ccsc3)cc12,CHEMBL303872,,20000.0,20.0
COc1cc2cc(-c3ccc(F)c(F)c3)cnc2cc1OC,CHEMBL67424,,20000.0,20.0
COc1cc2cc(C3=CCCC3)cnc2cc1OC,CHEMBL66618,,20000.0,20.0
COc1cc2cc(-c3ccc(F)cc3)cnc2cc1OC,CHEMBL68401,,20000.0,20.0
Cc1cc(C(=O)N2CCOCC2)[nH]c1/C=C1\C(=O)Nc2ncnc(N3CCCCC3)c21,CHEMBL68258,,20000.0,20.0
Cc1[nH]c(/C=C2\C(=O)Nc3ccc(F)cc32)c(C)c1C(=O)NCCn1cncn1,CHEMBL267293,,20000.0,20.0
O=C(O)c1cccc(NCc2cc(O)ccc2O)c1,CHEMBL129907,,20000.0,20.0
COc1ccc(-c2cnc3cc(OC)c(OC)cc3c2)c(OC)c1,CHEMBL67991,,20000.0,20.0
CCN(CC)CCNC(=O)c1c(C)[nH]c(/C=C2\C(=O)Nc3ccc(Cl)cc32)c1C,CHEMBL13485,,20000.0,20.0
COc1ccc(-c2cnc3cc(OC)c(OC)cc3c2)cn1,CHEMBL66612,,20000.0,20.0
COc1cc(OC)c2cc(-c3ccsc3)cnc2c1,CHEMBL66071,,20000.0,20.0
Cc1[nH]c(/C=C2\C(=O)Nc3ccc(F)cc32)c(C)c1C(=O)NCCN1CCCC1,CHEMBL13608,,20000.0,20.0
CC(=O)Oc1cccc2c1c(C(=O)Nc1ccccc1)c(SSc1c(C(=O)Nc3ccccc3)c3c(OC(C)=O)cccc3n1C)n2C,CHEMBL59812,4.70,20000.0,20.0
COc1cc2cc(CCC3CCCCC3)cnc2cc1OC,CHEMBL66786,,20000.0,20.0
COc1cc2cc(-c3ccc(OC)c([N+](=O)[O-])c3)cnc2cc1OC,CHEMBL67170,,20000.0,20.0
COc1cc2cc(-c3cccs3)cnc2cc1OC,CHEMBL304336,,20000.0,20.0
COc1cc2cc(C#CC3CCCCC3)cnc2cc1OC,CHEMBL63575,,20000.0,20.0
O=C(O)c1cccc(/N=C/c2cc(O)ccc2O)c1,CHEMBL130116,,20000.0,20.0
Fc1ccc2cc(-c3ccsc3)cnc2c1,CHEMBL307093,,20000.0,20.0
COc1cc2cc(-c3ccc([N+](=O)[O-])cc3)cnc2cc1OC,CHEMBL69585,,20000.0,20.0
COc1cc2cccnc2cc1OC,CHEMBL66705,,20000.0,20.0
COc1cc2cc(-c3ccccc3)cnc2cc1OC,CHEMBL66063,,20000.0,20.0
COc1cc2cc(-c3cc(OC)c(OC)c(OC)c3)cnc2cc1OC,CHEMBL66107,,20000.0,20.0
COc1cc(Nc2ncnc3c(OC)c(OC)c(OC)cc23)cc(OC)c1OC.Cl,CHEMBL543429,,20000.0,20.0
COc1ccc(-c2cnc3cc(OC)c(OC)cc3c2)cc1F,CHEMBL67436,,20000.0,20.0
COc1ccc(-c2cnc3cc(OC)c(OC)cc3c2)cc1,CHEMBL70130,,20000.0,20.0
c1ccc2ncc(-c3c[nH]c4ccccc34)cc2c1,CHEMBL309116,,20000.0,20.0
Clc1cc2cc(-c3ccsc3)cnc2cc1Cl,CHEMBL66718,,20000.0,20.0
COc1cc2cc(-c3ccc4ccccc4c3)cnc2cc1OC,CHEMBL417740,,20000.0,20.0
COc1cc2cc(O)cnc2cc1OC,CHEMBL308879,,20000.0,20.0
COc1ccc(-c2cnc3cc(OC)c(OC)cc3c2)cc1C,CHEMBL66925,,20000.0,20.0
O=C1Nc2ncnc(Nc3ccc(F)c(Cl)c3)c2/C1=C/c1ccc[nH]1,CHEMBL69106,,20000.0,20.0
C(=C/c1cnc2ccccc2c1)\c1ccccc1,CHEMBL65858,,20000.0,20.0
COc1cc2nc(Cl)nc(Nc3cc(OC)c(OC)c(OC)c3)c2cc1OC.Cl,CHEMBL542237,,20000.0,20.0
COc1cc2cc(-c3ccc(C)cc3)cnc2cc1OC,CHEMBL67219,,20000.0,20.0
COc1ccc2cc(-c3ccsc3)cnc2c1,CHEMBL68185,,20000.0,20.0
COc1ccc(-c2cnc3cc(OC)c(OC)cc3c2)cc1OC,CHEMBL66100,,20000.0,20.0
COc1cc2cc(-c3c[nH]c4ccccc34)cnc2cc1OC,CHEMBL302545,,20000.0,20.0
COc1cc2cc(-c3ccc(O)cc3)cnc2cc1OC,CHEMBL303704,,20000.0,20.0
COc1cc(Nc2ncnc3c(C)cc(C)cc23)cc(OC)c1OC.Cl,CHEMBL544836,,20000.0,20.0
COc1ccc(CCc2cnc3cc(OC)c(OC)cc3c2)cc1,CHEMBL66787,,20000.0,20.0
COc1cc2cc([N+](=O)[O-])cnc2cc1OC,CHEMBL66008,,20000.0,20.0
c1cc(-c2cnc3cc4c(cc3c2)OCO4)cs1,CHEMBL69378,,20000.0,20.0
N#C/C(=C\c1ccc(O)c(O)c1)C(=O)NCCCCCNC(=O)/C(C#N)=C/c1ccc(O)c(O)c1,CHEMBL144842,4.70,20000.0,20.0
COc1cc2cc(-c3sccc3Cl)cnc2cc1OC,CHEMBL306234,,20000.0,20.0
N#C/C(=C\c1ccc(O)c(O)c1)C(=O)NC1CCC(CC2CCC(NC(=O)/C(C#N)=C/c3ccc(O)c(O)c3)CC2)CC1,CHEMBL147880,4.69,20300.0,20.3
COC(=O)CCc1c(SSc2[nH]c3ccccc3c2CCC(=O)OC)[nH]c2ccccc12,CHEMBL79808,4.68,21000.0,21.0
N#C/C(=C\c1ccc(O)c(O)c1)C(=O)NCCCCCCCCNC(=O)/C(C#N)=C/c1ccc(O)c(O)c1,CHEMBL279138,4.68,21000.0,21.0
COC(=O)CCc1c(SSc2[nH]c3ccccc3c2CCC(=O)OC)[nH]c2ccccc12,CHEMBL79808,4.68,21000.0,21.0
N#C/C(=C\c1cc(O)c(O)c(O)c1)C(=O)NCCCCNC(=O)/C(C#N)=C/c1cc(O)c(O)c(O)c1,CHEMBL358746,4.68,21000.0,21.0
COC(=O)c1cc(NCc2cccc(O)c2)ccc1O,CHEMBL423159,4.68,21000.0,21.0
Cc1c(CCC(=O)O)c[nH]c1/C=C1\C(=O)Nc2cc(-c3ccccc3)ccc21,CHEMBL347074,4.66,21800.0,21.8
COc1cc(/C=C(\C#N)C(N)=O)cc(CSc2ccccc2NC(C)=O)c1O,CHEMBL115895,4.66,21877.62,4.66
Cc1[nH]c(/C=C2\C(=O)Nc3cc(-c4ccccc4)ccc32)c(C)c1CCC(=O)O,CHEMBL149201,4.66,21900.0,21.9
NC(=O)CCC1C(S)=Nc2ccccc21,CHEMBL155607,4.66,22000.0,22.0
CN1CC[C@H](c2c(O)cc(O)c3c(=O)cc(-c4ccccc4Cl)oc23)[C@H](O)C1,CHEMBL428690,4.66,22000.0,22.0
Cn1c(SSc2c(C(=O)Nc3ccccc3)c3cccnc3n2C)c(C(=O)Nc2ccccc2)c2cccnc21,CHEMBL62701,4.65,22300.0,22.3
COc1ccc(-c2ccc3c(c2)NC(=O)/C3=C\c2[nH]cc(CCC(=O)O)c2C)cc1,CHEMBL148984,4.64,22800.0,22.8
COc1cc(C=C(C#N)C#N)cc(CS(=O)(=O)c2ccc(C)cc2)c1O,CHEMBL334032,4.64,22908.68,4.64
O=C(CCc1c(SSc2[nH]c3ccccc3c2CCC(=O)NCCc2ccccc2)[nH]c2ccccc12)NCCc1ccccc1,CHEMBL154260,4.62,24000.0,24.0
N#C/C(=C\c1ccc(O)c(O)c1)C(=O)NCCCCCCCCNC(=O)/C(C#N)=C/c1ccc(O)c(O)c1,CHEMBL279138,4.62,24000.0,24.0
COc1cccc(-c2ccc3c(c2)NC(=O)/C3=C\c2[nH]c(C)c(CCC(=O)O)c2C)c1,CHEMBL358728,4.62,24100.0,24.1
COc1cc2cc(-c3cccnc3)cnc2cc1OC,CHEMBL304668,,25000.0,25.0
O=C(CCc1c(SSc2[nH]c3ccccc3c2CCC(=O)Nc2ccccc2)[nH]c2ccccc12)Nc1ccccc1,CHEMBL156797,4.60,25000.0,25.0
CC(C)(C)c1cnc(CSc2cnc(NC(=O)Cc3ccc(CNC(CO)CO)cc3)s2)o1,CHEMBL300936,,25000.0,25000.0
COc1ccc2cc(-c3cccnc3)cnc2c1OC,CHEMBL303391,,25000.0,25.0
N#C/C(=C\c1ccc(O)c(O)c1)C(=O)N1CCN(C(=O)/C(C#N)=C/c2ccc(O)c(O)c2)CC1,CHEMBL358494,4.60,25000.0,25.0
CC(C)(C)c1cnc(CSc2cnc(NC(=O)C3CCNCC3)s2)o1,CHEMBL296468,,25000.0,25.0
N#C/C(=C\c1ccc(O)c(O)c1)C(=O)NCCCCCCCCCCNC(=O)/C(C#N)=C/c1ccc(O)c(O)c1,CHEMBL424302,4.60,25000.0,25.0
N#C/C(=C\c1ccc(O)c(O)c1)C(=O)O,CHEMBL73820,4.60,25000.0,25.0
COc1ccc(NC(=O)/C(C#N)=C/c2ccc(O)c(O)c2)c(OC)c1,CHEMBL57251,4.60,25118.86,4.6
CC(=O)OC(Cc1c(SSc2[nH]c3ccccc3c2CC(OC(C)=O)C(=O)NCc2ccccc2)[nH]c2ccccc12)C(=O)NCc1ccccc1,CHEMBL348146,4.55,28000.0,28.0
Cc1c[nH]c(/C=C2\C(=O)Nc3cccc(C)c32)c1CCC(=O)O,CHEMBL147761,4.54,28800.0,28.8
NS(=O)(=O)c1ccc2c(c1)/C(=C/c1[nH]c3c(c1CCC(=O)O)CCCC3)C(=O)N2,CHEMBL86531,4.54,29100.0,29.1
COc1cccc(-c2ccc3c(c2)NC(=O)/C3=C\c2[nH]cc(CCC(=O)O)c2C)c1,CHEMBL148514,4.52,30500.0,30.5
N#C/C(=C\c1ccc(O)c(O)c1)C(=O)c1cccs1,CHEMBL55994,4.51,30902.95,4.51
COc1ccccc1-c1ccc2c(c1)NC(=O)/C2=C\c1[nH]c(C)c(CCC(=O)O)c1C,CHEMBL146694,4.50,31300.0,31.3
N#CCc1c(SSc2[nH]c3ccccc3c2CC#N)[nH]c2ccccc12,CHEMBL348116,4.50,32000.0,32.0
COC(=O)Cc1c(SSc2c(CC(=O)OC)c3ccccc3n2C)n(C)c2ccccc12,CHEMBL83837,4.48,33000.0,33.0
N#CC(C#N)=Cc1ccc(O)c(O)c1,CHEMBL76904,4.46,35000.0,35.0
COC(=O)Cc1c(SSSc2[nH]c3ccccc3c2CC(=O)OC)[nH]c2ccccc12,CHEMBL79621,4.46,35000.0,35.0
N#CC(C#N)=Cc1ccc(O)c(O)c1,CHEMBL76904,4.46,35000.0,35.0
N#C/C(=C\c1cc(O)c(O)c([N+](=O)[O-])c1)C(=O)NCCCNC(=O)/C(C#N)=C/c1cc(O)c(O)c([N+](=O)[O-])c1,CHEMBL144632,4.46,35000.0,35.0
N#CC(C#N)=Cc1cc(O)cc(O)c1,CHEMBL76905,4.43,37000.0,37.0
O=C(Cc1c(SSc2[nH]c3ccccc3c2CC(=O)NCc2ccccc2)[nH]c2ccccc12)NCc1ccccc1,CHEMBL435831,4.42,38000.0,38.0
Cn1c(SSc2c(C(=O)Nc3ccccc3)c3cc(O)ccc3n2C)c(C(=O)Nc2ccccc2)c2cc(O)ccc21,CHEMBL293250,4.39,40500.0,40.5
CC(O)C(/N=C1/C=C(O)/C(=N\C(C(=O)O)C(C)O)C=C1O)C(=O)O,CHEMBL327725,4.36,44000.0,44.0
Cn1c(SSc2c(C(=O)Nc3ccccc3)c3ccc(O)cc3n2C)c(C(=O)Nc2ccccc2)c2ccc(O)cc21,CHEMBL293913,4.36,44000.0,44.0
COC(=O)c1ccc(CNC(=O)CCc2c(SSc3[nH]c4ccccc4c3CCC(=O)NCc3ccc(C(=O)OC)cc3)[nH]c3ccccc23)cc1,CHEMBL154080,4.36,44000.0,44.0
N#C/C(=C\c1ccc(C=O)cc1)C(=O)O,CHEMBL76985,4.33,47000.0,47.0
N#CCCc1c(SSc2[nH]c3ccccc3c2CCC#N)[nH]c2ccccc12,CHEMBL157304,4.33,47000.0,47.0
COc1cc(/C=C(\C#N)C(N)=O)cc(SCCCC(=O)O)c1O,CHEMBL1161234,4.32,47863.01,4.32
CCOC(=O)C(Cc1ccccc1)NC(=O)/C(C#N)=C/c1ccc(O)c(O)c1,CHEMBL56319,4.31,48977.88,4.31
COc1cccc(-c2ccc3c(c2)NC(=O)/C3=C\c2[nH]cc(C)c2CCC(=O)O)c1,CHEMBL450622,4.31,49200.0,49.2
Cc1[nH]c(/C=C2\C(=O)Nc3ccc(C(=O)O)cc32)c(C)c1CCC(=O)O,CHEMBL149073,,50000.0,50.0
Cc1c[nH]c(/C=C2\C(=O)Nc3ccc(Br)cc32)c1CCC(=O)O,CHEMBL148744,,50000.0,50.0
CCOc1cccc(-c2ccc3c(c2)NC(=O)/C3=C\c2[nH]cc(C)c2CCC(=O)O)c1,CHEMBL443296,,50000.0,50.0
Cc1[nH]c(/C=C2\C(=O)Nc3ccc(S(N)(=O)=O)cc32)c(C)c1CCC(=O)O,CHEMBL150177,,50000.0,50.0
CN(c1ccccc1)c1cc2c(cc1N(C)c1ccccc1)C(=O)NC2=O,CHEMBL267941,,50000.0,50.0
CC(=O)N(c1ccccc1)c1cc2c(cc1Nc1ccccc1)C(=O)NC2=O,CHEMBL268441,,50000.0,50.0
Cn1c(=O)c(-c2c(Cl)cccc2Cl)cc2cnc(NC3CCCCC3)nc21,CHEMBL113128,,50000.0,50.0
COc1ccc2c(c1)NC(=O)/C2=C\c1[nH]cc(CCC(=O)O)c1C,CHEMBL149243,,50000.0,50.0
Cc1cc(C(=O)O)[nH]c1/C=C1\C(=O)Nc2ncnc(Nc3ccc(F)c(Cl)c3)c21,CHEMBL305194,,50000.0,50.0
Cc1c[nH]c(/C=C2\C(=O)Nc3ccccc32)c1CCC(=O)O,CHEMBL89363,,50000.0,50.0
O=C1NC(=O)c2cc(NC3CCCCC3)c(NC3CCCCC3)cc21,CHEMBL266969,,50000.0,50.0
COc1cc(OC)cc(-c2cc3cnc(N)nc3nc2NC(=O)NC(C)(C)C)c1,CHEMBL299763,,50000.0,50.0
CN(C)c1ncc2cc(-c3c(Cl)cccc3Cl)c(=O)n(C)c2n1,CHEMBL299347,,50000.0,50.0
O=C1c2cc(Nc3ccccc3)c(Nc3ccccc3)cc2C(=O)N1c1ccccc1,CHEMBL8000,,50000.0,50.0
COc1ccc(Nc2cc3c(cc2Nc2ccc(OC)cc2)C(=O)NC3=O)cc1,CHEMBL7352,,50000.0,50.0
CN1C(=O)c2cc(Nc3ccccc3)c(Nc3ccccc3)cc2C1=O,CHEMBL8036,,50000.0,50.0
CN1C(=O)c2cc(Nc3ccccc3)c(Nc3ccccc3)cc2C1=O,CHEMBL8036,,50000.0,50.0
COc1ccc2c(c1)NC(=O)/C2=C\c1[nH]c(C)c(CCC(=O)O)c1C,CHEMBL356245,,50000.0,50.0
Cc1c(CCC(=O)O)c[nH]c1/C=C1\C(=O)Nc2ccccc21,CHEMBL344319,,50000.0,50.0
CCN(CC)c1ccc(Nc2cc3c(cc2Nc2ccc(N(CC)CC)cc2)C(=O)NC3=O)cc1,CHEMBL8223,4.30,50000.0,50.0
CC(=O)N(c1ccccc1)c1cc2c(cc1Nc1ccccc1)C(=O)NC2=O,CHEMBL268441,,50000.0,50.0
COc1ccc(-c2ccc3c(c2)NC(=O)/C3=C\c2[nH]c(C)c(CCC(=O)O)c2C)cc1,CHEMBL150151,,50000.0,50.0
O=C1NC(=O)c2cc(Nc3ccc(-c4ccccc4)cc3)c(Nc3ccc(-c4ccccc4)cc3)cc21,CHEMBL7929,,50000.0,50.0
CN1CC[C@H](c2c(O)cc(O)c3c(=O)cc(Oc4ccccc4Cl)oc23)[C@H](O)C1,CHEMBL133498,,50000.0,50.0
CN1CC[C@H](c2c(O)cc(O)c3c(=O)cc(Sc4ccccc4Cl)oc23)[C@H](O)C1,CHEMBL334881,,50000.0,50.0
Cn1c(=O)c(-c2c(Cl)cccc2Cl)cc2cnc(NCc3ccccc3)nc21,CHEMBL113356,,50000.0,50.0
COc1ccc(Sc2ncnc3cc(OC)c(OC)cc23)cc1OC,CHEMBL132605,,50000.0,50.0
O=C(NCc1ccccc1)[C@H](Cc1c([Se]c2[nH]c3ccccc3c2C[C@@H](NC(=O)C(F)(F)F)C(=O)NCc2ccccc2)[nH]c2ccccc12)NC(=O)C(F)(F)F,CHEMBL135241,,50000.0,50.0
O=C1NC(=O)c2cc(Nc3ccc(I)cc3)c(Nc3ccc(I)cc3)cc21,CHEMBL8163,,50000.0,50.0
Cc1c(CCC(=O)O)c[nH]c1/C=C1\C(=O)Nc2ccc(C(=O)O)cc21,CHEMBL435227,,50000.0,50.0
O=C1NC(=O)C(c2c[nH]c3ccccc23)=C1c1c[nH]c2ccccc12,CHEMBL266487,,50000.0,50.0
Cc1c(CCC(=O)O)c[nH]c1/C=C1\C(=O)Nc2ccc(S(N)(=O)=O)cc21,CHEMBL146697,,50000.0,50.0
Cc1cc(C)c(/C=C2\C(=O)Nc3ccccc32)[nH]1,CHEMBL276711,,50000.0,50.0
CCOC(=O)c1ccc(Nc2ncc3cc(-c4c(Cl)cccc4Cl)c(=O)n(C)c3n2)cc1,CHEMBL109525,,50000.0,50.0
Cc1[nH]c(/C=C2\C(=O)Nc3ccc(Br)cc32)c(C)c1CCC(=O)O,CHEMBL357803,,50000.0,50.0
Cc1[nH]c(/C=C2\C(=O)Nc3ccccc32)c(C)c1CCC(=O)O,CHEMBL274654,,50000.0,50.0
CC(=O)NC(Cc1c(SSc2[nH]c3ccccc3c2CC(NC(C)=O)C(=O)NCc2ccccc2)[nH]c2ccccc12)C(=O)NCc1ccccc1,CHEMBL346716,4.29,51000.0,51.0
Cn1c(SSc2c(CC(=O)O)c3ccccc3n2C)c(CC(=O)O)c2ccccc21,CHEMBL84141,4.28,53000.0,53.0
COc1cc(C=C(C#N)C#N)cc(SCC(=O)O)c1O,CHEMBL1161236,4.27,53703.18,4.27
Cn1c(SSc2c(C(=O)Nc3ccccc3)c3cc(C#N)ccc3n2C)c(C(=O)Nc2ccccc2)c2cc(C#N)ccc21,CHEMBL291979,4.27,54100.0,54.1
CCCCc1cc(/C=C(\C#N)C(N)=O)cc(CCCC)c1O,CHEMBL77243,4.26,55000.0,55.0
O=C(O)CCc1c(/C=C2\C(=O)Nc3ccc(C(=O)O)cc32)[nH]c2c1CCCC2,CHEMBL431996,4.25,56500.0,56.5
Oc1ccc(/N=N/c2ccc(O)cc2O)cc1,CHEMBL47966,4.24,58000.0,58.0
O=c1c(-c2cccc(Cl)c2)coc2cc(O)ccc12,CHEMBL7699,4.23,58800.0,58.8
N#CC(C#N)=C(N)/C(C#N)=C/c1ccc(O)c([N+](=O)[O-])c1,CHEMBL309625,4.22,60000.0,60.0
N#CC(C#N)=Cc1ccc(C=O)cc1,CHEMBL311119,4.22,60000.0,60.0
Cc1cc(C=C(C#N)C#N)cc(O)c1O,CHEMBL116423,4.21,61659.5,4.21
Nc1cc2ncnc(Nc3ccc([N+](=O)[O-])cc3)c2cn1,CHEMBL333115,4.19,65000.0,65.0
CONC(=O)CCc1c(SSc2[nH]c3ccccc3c2CCC(=O)NOC)[nH]c2ccccc12,CHEMBL154969,4.17,68000.0,68.0
CN(C)c1ccccc1Nc1ncnc2cc(N)ncc12,CHEMBL123523,4.16,69000.0,69.0
CO[C@H]1[C@@H](N(C)C(=O)c2cc([N+](=O)[O-])cc([N+](=O)[O-])c2)C[C@@H]2O[C@@]1(C)n1c3ccccc3c3c4c(c5c6ccccc6n2c5c31)C(=O)NC4,CHEMBL132170,,70000.0,70.0
N#CC(Cc1ccc(O)c(O)c1)C(=N)S,CHEMBL78249,4.16,70000.0,70.0
N#C/C(=C/c1cc(O)ccc1O)C(=O)O,CHEMBL76642,4.12,75000.0,75.0
COc1cc(/C=C(\C#N)S(=O)(=O)/C(C#N)=C/c2cc(O)c(O)c(OC)c2)cc(O)c1O,CHEMBL342792,,75000.0,75.0
COc1cc2c(cc1OC)Nc1ncnc(O)c1C2,CHEMBL414013,4.12,75000.0,75.0
COc1cc(/C=C(\C#N)C(=O)NCCCCNC(=O)/C(C#N)=C/c2cc(OC)c(O)c([N+](=O)[O-])c2)cc([N+](=O)[O-])c1O,CHEMBL145266,,80000.0,80.0
COc1ccc(Nc2ccnc3cc(OC)c(OC)cc23)cc1OC,CHEMBL98137,4.09,80500.0,80.5
N#C/C(=C\c1ccc(O)c(O)c1)C(=O)NCN1CCN(C(=O)/C(C#N)=C/c2ccc(O)c(O)c2)CC1,CHEMBL145209,,83000.0,83.0
N#C/C(=C\c1ccc(O)c(O)c1)C(=O)NC1CCC(CC2CCC(NC(=O)/C(C#N)=C/c3ccc(O)c(O)c3)CC2)CC1,CHEMBL147880,,83000.0,83.0
COc1cc(/C=C(\C#N)C(N)=O)cc(CSc2nc3cc(Cl)ccc3s2)c1O,CHEMBL115519,4.08,83176.38,4.08
Cc1[nH]c(/C=C2\C(=O)Nc3ccc(S(N)(=O)=O)cc32)c(C)c1CCC(=O)O,CHEMBL150177,4.07,84800.0,84.8
COc1cc(C=C(C#N)C#N)cc(C)c1O,CHEMBL120564,4.06,87096.36,4.06
O=[N+]([O-])CCc1c(SSc2[nH]c3ccccc3c2CC[N+](=O)[O-])[nH]c2ccccc12,CHEMBL158119,4.05,89000.0,89.0
O=C(O)c1cc(NCc2cc(O)ccc2O)ccc1O,CHEMBL319620,4.04,92000.0,92.0
N#CC(C#N)=Cc1cc(O)ccc1[N+](=O)[O-],CHEMBL77085,4.02,96000.0,96.0
C[S+]([O-])c1ccc(-c2nc(-c3ccc(F)cc3)c(-c3ccncc3)[nH]2)cc1,CHEMBL10,4.02,96000.0,96000.0
O=C1Nc2ccc(Br)cc2/C1=C/c1cc2c([nH]1)CCCC2,CHEMBL88606,,100000.0,100.0
c1ccc2c(c1)[nH]c1c(NC3CCCCC3)ncnc12,CHEMBL5195327,,100000.0,100000.0
COc1ccccc1-c1ccc2c(c1)NC(=O)/C2=C\c1[nH]c2c(c1CCC(=O)O)CCCC2,CHEMBL313821,,100000.0,100.0
CN1C(=S)C(C(=O)Nc2ccccc2)c2cccnc21,CHEMBL62699,,100000.0,100.0
COc1ccc2c(c1)c(C(=O)Nc1ccccc1)c(SSc1c(C(=O)Nc3ccccc3)c3cc(OC)ccc3n1C)n2C,CHEMBL294341,,100000.0,100.0
COc1ccccc1-c1ccc2c(c1)NC(=O)/C2=C\c1cc2c([nH]1)CCCC2,CHEMBL88462,,100000.0,100.0
COC(=O)CCN1C(=S)C(CCC(=O)OC)(CCC(=O)OC)c2ccccc21,CHEMBL309513,,100000.0,100.0
COc1ccc2c(c1)NC(=O)/C2=C\c1cc2c([nH]1)CCCC2,CHEMBL91250,,100000.0,100.0
O=C(O)CCc1c(/C=C2\C(=O)Nc3cc(-c4ccccc4)ccc32)[nH]c2c1CCCC2,CHEMBL88771,,100000.0,100.0
COc1ccc(-c2ccc3c(c2)NC(=O)/C3=C\c2[nH]c3c(c2CCC(=O)O)CCCC3)cc1,CHEMBL91815,,100000.0,100.0
Cc1cc(C)c(/C=C2\C(=O)Nc3ccccc32)[nH]1,CHEMBL276711,,100000.0,100.0
N#C/C(=C\c1ccc2[nH]ccc2c1)C(=O)NCCCNC(=O)/C(C#N)=C/c1ccc2[nH]ccc2c1,CHEMBL143108,,100000.0,100.0
Cn1c([Se][Se]c2c(C(=O)OC(C)(C)C)c3ccccc3n2C)c(C(=O)OC(C)(C)C)c2ccccc21,CHEMBL334973,,100000.0,100.0
CN1C(=S)C(CCCC(=O)O)c2ccccc21,CHEMBL83390,,100000.0,100.0
NC(Cc1c(SSc2[nH]c3ccccc3c2CC(N)C(=O)NCc2ccccc2)[nH]c2ccccc12)C(=O)NCc1ccccc1,CHEMBL336174,,100000.0,100.0
O=C1Nc2ccccc2/C1=C/c1cc2c([nH]1)CCCC2,CHEMBL328029,,100000.0,100.0
O=C1NC(=O)c2cc(Nc3ccc(-c4ccccc4)cc3)c(Nc3ccc(-c4ccccc4)cc3)cc21,CHEMBL7929,,100000.0,100.0
O=C(O)CCc1c(/C=C2\C(=O)Nc3ccccc32)[nH]c2c1CCCC2,CHEMBL315753,,100000.0,100.0
O=C(O)CCc1c(/C=C2\C(=O)Nc3ccc(Br)cc32)[nH]c2c1CCCC2,CHEMBL314995,,100000.0,100.0
COC(=O)CCC1C(=S)N(C)c2ccccc21,CHEMBL311609,,100000.0,100.0
CN1C(=S)C(CC(=O)O)c2ccccc21,CHEMBL314416,,100000.0,100.0
COc1ccc(Oc2ccnc3cc(OC)c(OC)cc23)cc1OC,CHEMBL327300,,100000.0,100.0
O=C1Nc2ccc(C(=O)O)cc2/C1=C/c1cc2c([nH]1)CCCC2,CHEMBL89010,,100000.0,100.0
COc1ccc(-c2ccc3c(c2)NC(=O)/C3=C\c2cc3c([nH]2)CCCC3)cc1,CHEMBL313500,,100000.0,100.0
Cc1cc(C)c(/C=C2\C(=O)Nc3ccccc32)[nH]1,CHEMBL276711,,100000.0,100.0
C[C@@H](Nc1[nH]cnc2c3ccccc3nc1-2)c1ccccc1.Cl,CHEMBL2094036,,100000.0,100000.0
NS(=O)(=O)c1ccc2c(c1)/C(=C/c1cc3c([nH]1)CCCC3)C(=O)N2,CHEMBL88483,,100000.0,100.0
Cc1c[nH]c(/C=C2\C(=O)Nc3ccccc32)c1CCC(=O)O,CHEMBL89363,,100000.0,100.0
N#C/C(=C\c1ccc2[nH]ccc2c1)C(=O)NCCCNC(=O)/C(C#N)=C/c1ccc2[nH]ccc2c1,CHEMBL143108,,100000.0,100.0
Cn1c(SSc2c(C(=O)Nc3ccccc3)c3cc(F)ccc3n2C)c(C(=O)Nc2ccccc2)c2cc(F)ccc21,CHEMBL63455,,100000.0,100.0
N#C/C(=C\c1ccc2[nH]ccc2c1)C(=O)NCCCNC(=O)/C(C#N)=C/c1ccc2[nH]ccc2c1,CHEMBL143108,,100000.0,100.0
Cc1ccc2c(c1)c(C(=O)Nc1ccccc1)c(SSc1c(C(=O)Nc3ccccc3)c3cc(C)ccc3n1C)n2C,CHEMBL60200,,100000.0,100.0
COC(=O)c1cc(Nc2ccccc2)c(Nc2ccccc2)cc1C(=O)OC,CHEMBL8222,,100000.0,100.0
COC(=O)CCCC1C(=S)N(C)c2ccccc21,CHEMBL84512,,100000.0,100.0
COC(=O)CCc1c(SSc2c(CCC(=O)OC)c3ccccc3n2C)n(C)c2ccccc12,CHEMBL314029,,100000.0,100.0
COC(=O)CC1C(S)=Nc2ccccc21,CHEMBL312001,4.00,100000.0,100.0
CN(c1ccccc1)c1cc2c(cc1Nc1ccccc1)C(=O)NC2=O,CHEMBL7775,,100000.0,100.0
COC(=O)CCCc1c(SSc2[nH]c3ccccc3c2CCCC(=O)OC)[nH]c2ccccc12,CHEMBL420400,,100000.0,100.0
COC(=O)CC1C(=S)N(C)c2ccccc21,CHEMBL80001,,100000.0,100.0
COC(=O)CCCc1c(SSc2c(CCCC(=O)OC)c3ccccc3n2C)n(C)c2ccccc12,CHEMBL419280,,100000.0,100.0
COC(=O)c1cc(Nc2ccc(F)cc2)c(Nc2ccc(F)cc2)cc1C(=O)OC,CHEMBL8091,,100000.0,100.0
O=C(O)CCC1(CCC(=O)O)C(S)=Nc2ccccc21,CHEMBL82640,,100000.0,100.0
COC1=CC(=O)C=C(/C=C2\CCCC3CCCCC23)C1=O,CHEMBL98934,,100000.0,100.0
Cn1c(SSc2c(C(=O)Nc3ccccc3)c3cccc(Cl)c3n2C)c(C(=O)Nc2ccccc2)c2cccc(Cl)c21,CHEMBL291667,,100000.0,100.0
Cn1c(SSCc2ccccc2)c(C(=O)Nc2ccccc2)c2ccccc21,CHEMBL64231,,100000.0,100.0
Cn1c(SSc2ccccc2)c(C(=O)Nc2ccccc2)c2ccccc21,CHEMBL64781,,100000.0,100.0
N#Cc1ccc(Nc2cc3c(cc2Nc2ccc(C#N)cc2)C(=O)NC3=O)cc1,CHEMBL267869,,100000.0,100.0
O=C1NC(=O)c2cc3c(cc21)N(c1ccccc1)CCN3c1ccccc1,CHEMBL266255,,100000.0,100.0
COc1ccc(Nc2cc3c(cc2Nc2ccc(OC)cc2)C(=O)NC3=O)cc1,CHEMBL7352,,100000.0,100.0
CN(C)CCNc1[nH]cnc2c3ccccc3nc1-2.Cl,CHEMBL543457,,100000.0,100000.0
Cn1c(SSc2c(C(=O)Nc3ccccc3)c3cc(C(F)(F)F)ccc3n2C)c(C(=O)Nc2ccccc2)c2cc(C(F)(F)F)ccc21,CHEMBL61278,,100000.0,100.0
CC(O)C(/N=C1\C(O)=CC(=O)C(O)=C1CC1CCCC2CCCCC21)C(=O)O,CHEMBL442388,,100000.0,100.0
Cn1c(SSc2c(C(=O)Nc3ccccc3)c3ccc(Cl)cc3n2C)c(C(=O)Nc2ccccc2)c2ccc(Cl)cc21,CHEMBL303127,,100000.0,100.0
COC(=O)CCC1C(S)=Nc2ccccc21,CHEMBL309716,,100000.0,100.0
N#C/C(=C\c1ccc(O)c(O)c1)C(=O)NCC1CCCC(CNC(=O)/C(C#N)=C/c2ccc(O)c(O)c2)C1,CHEMBL357161,,100000.0,100.0
COC(=O)Cc1c(Sc2c(CC(=O)OC)c3ccccc3n2C)n(C)c2ccccc12,CHEMBL311811,,100000.0,100.0
COC(=O)CCC1(CCC(=O)OC)C(S)=Nc2ccccc21,CHEMBL312247,,100000.0,100.0
O=C1c2cc(Nc3ccccc3)c(Nc3ccccc3)cc2C(=O)N1c1ccccc1,CHEMBL8000,,100000.0,100.0
COc1ccc(Oc2ncnc3cc(OC)c(OC)cc23)cc1OC,CHEMBL431818,,100000.0,100.0
COc1ccc2c(c1)NC(=O)/C2=C\c1[nH]c2c(c1CCC(=O)O)CCCC2,CHEMBL420609,,100000.0,100.0
COc1cccc(-c2ccc3c(c2)NC(=O)/C3=C\c2cc3c([nH]2)CCCC3)c1,CHEMBL419682,,100000.0,100.0
COC(=O)CCCC1C(S)=Nc2ccccc21,CHEMBL312402,,100000.0,100.0
Nc1ccc(-c2cc(=O)c3cc(N)cc(N)c3o2)cc1,CHEMBL112422,,100000.0,100.0
N#C/C(=C\c1ccc(O)c(O)c1)C(=O)NCCCCCCCCCCNC(=O)/C(C#N)=C/c1ccc(O)c(O)c1,CHEMBL424302,,100000.0,100.0
Nc1ccc(-c2cc(=O)c3c(O)c(N)ccc3o2)cc1,CHEMBL116051,,100000.0,100.0
COc1cc(N)c2oc(-c3ccc(N)cc3)cc(=O)c2c1,CHEMBL116353,,100000.0,100.0
O=C1Nc2cc(-c3ccccc3)ccc2/C1=C/c1cc2c([nH]1)CCCC2,CHEMBL313746,,100000.0,100.0
Nc1ccc(-c2cc(=O)c3ccc(O)c(N)c3o2)cc1,CHEMBL114568,,100000.0,100.0
COc1ccccc1CNc1ncnc2cc(N)ncc12,CHEMBL121709,4.00,100000.0,100.0
CN(C)c1ccccc1CNc1ncnc2cc(N)ncc12,CHEMBL419601,,100000.0,100.0
O=C(NCc1ccccc1)C(Cc1c(SSc2[nH]c3ccccc3c2CC(NC(=O)C(F)(F)F)C(=O)NCc2ccccc2)[nH]c2ccccc12)NC(=O)C(F)(F)F,CHEMBL350882,,100000.0,100.0
Nc1ccc(-c2cc(=O)c3cccc(N)c3o2)cc1,CHEMBL323660,,100000.0,100.0
COC(=O)CN1Cc2c(c3c4ccccc4n4c3c3c2c2ccccc2n3[C@]2(C)O[C@H]4C[C@H](N(C)C(=O)c3ccccc3)[C@@H]2OC)C1=O,CHEMBL131456,,100000.0,100.0
CSc1c(C(=O)Nc2ccccc2)c2ccccc2n1C,CHEMBL64814,,100000.0,100.0
COc1ccccc1-c1ccc2c(c1)NC(=O)/C2=C\c1[nH]cc(CCC(=O)O)c1C,CHEMBL147112,,100000.0,100.0
Cc1c[nH]c(/C=C2\C(=O)Nc3ccc(Br)cc32)c1CCC(=O)O,CHEMBL148744,,100000.0,100.0
O=C(CCCc1c(SSc2[nH]c3ccccc3c2CCCC(=O)NCc2ccccc2)[nH]c2ccccc12)NCc1ccccc1,CHEMBL156555,4.00,100000.0,100.0
Cc1[nH]c(/C=C2\C(=O)Nc3cc(-c4ccccc4)ccc32)c(C)c1CCC(=O)O,CHEMBL149201,,100000.0,100.0
COc1cccc(-c2ccc3c(c2)NC(=O)/C3=C\c2[nH]c(C)c(CCC(=O)O)c2C)c1,CHEMBL358728,,100000.0,100.0
CC(CN(C)C)C(=O)c1ccc(OS(=O)(=O)c2ccc(C(=O)O)cc2)cc1.Cl,CHEMBL543600,4.00,100000.0,100.0
O=C(CC1C(S)=Nc2ccccc21)NCc1ccccc1,CHEMBL155389,4.00,100000.0,100.0
COc1ccc(-c2ccc3c(c2)NC(=O)/C3=C\c2[nH]c(C)c(CCC(=O)O)c2C)cc1,CHEMBL150151,,100000.0,100.0
CN(C)CCCC(=O)c1ccc(OCc2ccccc2)cc1.Cl,CHEMBL543362,,100000.0,100.0
Brc1cccc(Nc2nccc3ccccc23)c1,CHEMBL39563,,100000.0,100000.0
CN1C(=S)C(C(=O)Nc2ccccc2)c2cc(Cl)ccc21,CHEMBL62067,,100000.0,100.0
CC(=O)Oc1ccc2c(C(=O)Nc3ccccc3)c(SSc3c(C(=O)Nc4ccccc4)c4ccc(OC(C)=O)cc4n3C)n(C)c2c1,CHEMBL64068,,100000.0,100.0
Oc1c(-c2cccc(Cl)c2)cnc2ccccc12,CHEMBL7801,,100000.0,100.0
COC(=O)c1cc(/N=C/c2cc(O)ccc2O)ccc1OC,CHEMBL129989,,100000.0,100.0
Nc1ccc(-c2cc(=O)c3c(O)ccc(N)c3o2)cc1,CHEMBL114578,,100000.0,100.0
O=C1NC(=O)c2c1c1c3ccccc3[nH]c1c1[nH]c3ccccc3c21,CHEMBL268368,,100000.0,100.0
COc1cc(OC)c2c(=O)c(-c3cccc(Cl)c3)coc2c1,CHEMBL7981,,100000.0,100.0
COc1ccc(CNc2ncnc3cc(N)ncc23)cc1,CHEMBL125995,,100000.0,100.0
Cc1ccc2c(C(=O)Nc3ccccc3)c(SSc3c(C(=O)Nc4ccccc4)c4ccc(C)cc4n3C)n(C)c2c1,CHEMBL64459,,100000.0,100.0
COc1ccc(N)c2oc(-c3ccc(N)cc3)cc(=O)c12,CHEMBL115397,,100000.0,100.0
CN(C)c1ccc(CNc2ncnc3cc(N)ncc23)cc1,CHEMBL121984,,100000.0,100.0
O=C(O)c1cc(/N=C/c2cc(O)ccc2O)ccc1O,CHEMBL316764,,100000.0,100.0
Nc1ccc(-c2cc(=O)c3c(N)c(O)c(N)cc3o2)cc1,CHEMBL114814,,100000.0,100.0
Nc1cccc(-c2cc(=O)c3cc(N)c(O)cc3o2)c1,CHEMBL115102,,100000.0,100.0
COc1cc(N)c2oc(-c3cccc(N)c3)cc(=O)c2c1,CHEMBL114550,,100000.0,100.0
COc1cc(O)c2c(=O)c(-c3cccc(Cl)c3)coc2c1,CHEMBL7339,,100000.0,100.0
Nc1ccc(-c2cc(=O)c3cc(O)cc(N)c3o2)cc1,CHEMBL112421,,100000.0,100.0
Nc1ccc(-c2cc(=O)c3cc(N)c(O)c(N)c3o2)cc1,CHEMBL115601,,100000.0,100.0
Nc1cccc(-c2cc(=O)c3cc(N)ccc3o2)c1,CHEMBL115103,,100000.0,100.0
Cn1c(SSc2c(C(=O)Nc3ccccc3)c3cccc(O)c3n2C)c(C(=O)Nc2ccccc2)c2cccc(O)c21,CHEMBL62843,4.00,100000.0,100.0
CN1C(=S)C(C)(C(=O)Nc2ccccc2)c2ccccc21,CHEMBL63009,,100000.0,100.0
Cc1cccc2c1c(C(=O)Nc1ccccc1)c(SSc1c(C(=O)Nc3ccccc3)c3c(C)cccc3n1C)n2C,CHEMBL292287,,100000.0,100.0
Cc1cccc2c(C(=O)Nc3ccccc3)c(SSc3c(C(=O)Nc4ccccc4)c4cccc(C)c4n3C)n(C)c12,CHEMBL64165,,100000.0,100.0
COc1ccc2c(c1)NC(=O)/C2=C\c1[nH]c(C)c(CCC(=O)O)c1C,CHEMBL356245,,100000.0,100.0
COc1cccc2c1c(C(=O)Nc1ccccc1)c(SSc1c(C(=O)Nc3ccccc3)c3c(OC)cccc3n1C)n2C,CHEMBL294205,,100000.0,100.0
COc1ccccc1-c1ccc2c(c1)NC(=O)/C2=C\c1[nH]c(C)c(CCC(=O)O)c1C,CHEMBL146694,,100000.0,100.0
Cc1c[nH]c(/C=C2\C(=O)Nc3cccc(C)c32)c1CCC(=O)O,CHEMBL147761,,100000.0,100.0
Cc1c(CCC(=O)O)c[nH]c1/C=C1\C(=O)Nc2ccc(C(=O)O)cc21,CHEMBL435227,,100000.0,100.0
COc1cccc(-c2ccc3c(c2)NC(=O)/C3=C\c2[nH]cc(C)c2CCC(=O)O)c1,CHEMBL450622,,100000.0,100.0
COc1ccc2c(c1)NC(=O)/C2=C\c1[nH]cc(CCC(=O)O)c1C,CHEMBL149243,,100000.0,100.0
Cc1cc(C)c(/C=C2\C(=O)Nc3ccccc32)[nH]1,CHEMBL276711,,100000.0,100.0
Cc1[nH]c(/C=C2\C(=O)Nc3ccccc32)c(C)c1CCC(=O)O,CHEMBL274654,,100000.0,100.0
Cn1c(SSc2c(C(=O)Nc3ccccc3)c3c(Cl)cccc3n2C)c(C(=O)Nc2ccccc2)c2c(Cl)cccc21,CHEMBL293986,4.00,100000.0,100.0
O=C1NC(=O)c2cc(Sc3ccccc3)c(Sc3ccccc3)cc21,CHEMBL8271,,100000.0,100.0
N#C/C(=C\c1cc(O)c(O)c([N+](=O)[O-])c1)C(=O)NCCCNC(=O)/C(C#N)=C/c1cc(O)c(O)c([N+](=O)[O-])c1,CHEMBL144632,,100000.0,100.0
COC(=O)c1ccc(CNC(=O)CCc2c(SSc3[nH]c4ccccc4c3CCC(=O)NCc3ccc(C(=O)OC)c(O)c3)[nH]c3ccccc23)cc1O,CHEMBL154822,4.00,100000.0,100.0
Cc1[nH]c(/C=C2\C(=O)Nc3ccc(Br)cc32)c(C)c1CCC(=O)O,CHEMBL357803,,100000.0,100.0
Cc1c(CCC(=O)O)c[nH]c1/C=C1\C(=O)Nc2ccc(S(N)(=O)=O)cc21,CHEMBL146697,,100000.0,100.0
O=C(CCC1C(S)=Nc2ccccc21)NCc1ccccc1,CHEMBL154911,4.00,100000.0,100.0
COc1ccc(-c2ccc3c(c2)NC(=O)/C3=C\c2[nH]cc(CCC(=O)O)c2C)cc1,CHEMBL148984,,100000.0,100.0
Cc1c(CCC(=O)O)c[nH]c1/C=C1\C(=O)Nc2cc(-c3ccccc3)ccc21,CHEMBL347074,,100000.0,100.0
Cc1c[nH]c(/C=C2\C(=O)Nc3ccccc32)c1CCC(=O)O,CHEMBL89363,,100000.0,100.0
COc1cccc(-c2ccc3c(c2)NC(=O)/C3=C\c2[nH]cc(CCC(=O)O)c2C)c1,CHEMBL148514,,100000.0,100.0
CO[C@H]1[C@@H](N(C)C(=O)c2ccccc2)C[C@@H]2O[C@@]1(C)n1c3ccccc3c3c4c(c5c6ccccc6n2c5c31)C(=O)N(Cc1ccccc1)C4,CHEMBL415233,,100000.0,100.0
Cc1c(CCC(=O)O)c[nH]c1/C=C1\C(=O)Nc2ccccc21,CHEMBL344319,,100000.0,100.0
Cc1[nH]c(/C=C2\C(=O)Nc3ccc(C(=O)O)cc32)c(C)c1CCC(=O)O,CHEMBL149073,,100000.0,100.0
CCOc1cccc(-c2ccc3c(c2)NC(=O)/C3=C\c2[nH]cc(C)c2CCC(=O)O)c1,CHEMBL443296,,100000.0,100.0
COc1cc(/C=C(\C#N)C(=O)NCCCCNC(=O)/C(C#N)=C/c2cc(Br)c(O)c(OC)c2)cc(Br)c1O,CHEMBL357400,,102000.0,102.0
COc1cc(/C=C(\C#N)C(=O)NCCCCNC(=O)/C(C#N)=C/c2cc(OC)c(O)c([N+](=O)[O-])c2)cc([N+](=O)[O-])c1O,CHEMBL145266,,112000.0,112.0
N#C/C(=C\c1ccc(O)c(O)c1)C(=O)NCCNC(=O)/C(C#N)=C/c1ccc(O)c(O)c1,CHEMBL144908,,113000.0,113.0
N#CC(C#N)=Cc1ccc(O)c([N+](=O)[O-])c1,CHEMBL308134,,125000.0,125.0
Oc1ccc(-c2nc3ccc(O)cc3s2)cc1,CHEMBL44227,,130000.0,130.0
Oc1cc(O)c2nc(-c3ccc(O)c(O)c3)sc2c1,CHEMBL48085,,130000.0,130.0
COc1cc(C=C(C#N)C#N)cc(Br)c1O,CHEMBL77298,,153000.0,153.0
COc1cc2c(cc1OC)Nc1ncn(C)c(=O)c1C2,CHEMBL6976,,160000.0,160.0
COc1cc(C=C(C#N)C#N)cc([N+](=O)[O-])c1O,CHEMBL307179,,160000.0,160.0
N#C/C(=C\c1ccc(O)cc1)C(=O)O,CHEMBL76602,,165000.0,165.0
CCOc1ccc2sc(SCc3cc(/C=C(\C#N)C(N)=O)cc(OC)c3O)nc2c1,CHEMBL343875,,165958.69,3.78
N#C/C(=C\c1ccc(O)c(O)c1)C(=O)NCCCN1CCN(CCCNC(=O)/C(C#N)=C/c2ccc(O)c(O)c2)CC1,CHEMBL144402,,167000.0,167.0
O=c1c(O)c(-c2ccc(O)c(O)c2)oc2cc(O)cc(O)c12,CHEMBL50,,190000.0,190.0
COc1cc(C=C(C#N)C#N)ccc1O,CHEMBL77869,,200000.0,200.0
N#CC(C#N)=NNc1ccc(O)cc1,CHEMBL310958,,225000.0,225.0
N#CC(C#N)=C(O)c1ccc(O)cc1,CHEMBL79064,,230000.0,230.0
O=P(O)(O)C(O)c1ccc2ccccc2c1,CHEMBL26001,,250000.0,250.0
N#CC(C#N)=Cc1ccncc1,CHEMBL77737,,250000.0,250.0
COc1ccc(C=C(C#N)C#N)cc1O,CHEMBL78302,,250000.0,250.0
N#CC(C#N)=Cc1ccc[nH]1,CHEMBL310514,,260000.0,260.0
COc1cc(/C=C(\C#N)C(=O)O)cc(OC)c1O,CHEMBL76979,,264000.0,264.0
Oc1ccc(-c2nc3c(O)cc(O)cc3s2)cc1,CHEMBL45564,,300000.0,300.0
COc1cc(/C=C(\C#N)C(=O)O)ccc1O,CHEMBL307250,,325000.0,325.0
N#CC(C#N)=CNc1ccc(O)cc1,CHEMBL77814,,350000.0,350.0
N#CC(C#N)=Cc1ccc2c(c1)OCO2,CHEMBL78005,,350000.0,350.0
N#CC(C#N)=Cc1cccc(O)c1,CHEMBL310400,,375000.0,375.0
N#CC(C#N)=Cc1ccc(C(=O)O)cc1,CHEMBL78174,,430000.0,430.0
Cn1cnc2c(NCc3ccccc3)nc(NCCO)nc21,CHEMBL280074,,440000.0,440.0
N#CC(C#N)=Cc1ccc([N+](=O)[O-])c(O)c1,CHEMBL77387,,450000.0,450.0
N#CC(C#N)=Cc1ccc(/C=C/C(=O)O)cc1,CHEMBL77778,,450000.0,450.0
COc1ccc(C(O)=C(C#N)C#N)cc1,CHEMBL311564,,450000.0,450.0
CC(C)(C)c1cc(C=C(C#N)C#N)cc(C(C)(C)C)c1O,CHEMBL78150,,460000.0,460.0
CC(=C(C#N)C#N)c1ccc(NC(=O)CCC(=O)O)cc1,CHEMBL306988,,500000.0,500.0
COc1cc(OC)c2c(=O)c(-c3cccc(Cl)c3)coc2c1,CHEMBL7981,,500000.0,500.0
CC(C)(C)Oc1cc(/C=C(\C#N)C(=N)S)cc(C(C)(C)C)c1O,CHEMBL140213,,501187.23,3.3
N#CC(C#N)=Cc1ccc(O)cc1,CHEMBL305695,,560000.0,560.0
N#CC(C#N)=Cc1cc2c(cc1[N+](=O)[O-])OCO2,CHEMBL76082,,560000.0,560.0
COC(=O)[C@@]1(Cc2ccc(O)c(CC=C(C)C)c2)OC(=O)C(O)=C1c1ccc(O)cc1,CHEMBL1242973,,590000.0,590.0
COc1ccc(NN=C(C#N)C#N)cc1,CHEMBL77825,,600000.0,600.0
N#CC(C#N)=Cc1ccc(N2CCOCC2)cc1,CHEMBL420385,,625000.0,625.0
N#CCNC(=O)/C(C#N)=C/c1ccc(O)cc1,CHEMBL76557,,625000.0,625.0
N#CC(C#N)=Cc1ccc(NC(=O)CCC(=O)O)cc1,CHEMBL307248,,640000.0,640.0
N#C/C(=C\c1ccc(O)cc1)C(N)=O,CHEMBL308048,,800000.0,800.0
N#CC(C#N)=C(N)/C(C#N)=C/c1ccc2[nH]ccc2c1,CHEMBL59150,,820000.0,820.0
N#C/C(=C\c1ccc(F)cc1)C(=O)O,CHEMBL78184,,833000.0,833.0
COc1ccc(/C=C(\C#N)C(=O)O)cc1,CHEMBL77524,,833000.0,833.0
COc1cc(C=C(C#N)C#N)cc(OC)c1O,CHEMBL421877,,850000.0,850.0
N#C/C(=C\c1ccccc1)C(=O)O,CHEMBL77595,,850000.0,850.0
N[C@@H](Cc1ccc(O)c(O)c1)C(=O)O,CHEMBL1009,,900000.0,900.0
COc1cc(/C(C)=C(\C#N)C(=O)O)ccc1O,CHEMBL77197,,1100000.0,1100.0
O=C(O)/C=C/c1ccc(O)c(O)c1,CHEMBL145,,1200000.0,1200.0
CC(=C(C#N)C#N)c1ccc(N)cc1,CHEMBL77280,,1250000.0,1250.0
COc1ccc(C=C(C#N)C#N)cc1,CHEMBL77456,,1250000.0,1250.0
N#CC(C#N)=Cc1ccc(F)cc1,CHEMBL76983,,1250000.0,1250.0
COc1cc(C=C(C#N)C#N)cc(OC)c1,CHEMBL77724,,1250000.0,1250.0
N#CC(C#N)=Cc1cc[n+]([O-])cc1,CHEMBL57712,,1300000.0,1300.0
N#C/C(=C\c1ccc([N+](=O)[O-])cc1)C(=O)O,CHEMBL309866,,1300000.0,1300.0
N#C/C(=C/c1ccc[nH]1)C(=O)O,CHEMBL77381,,1360000.0,1360.0
N#CC(C#N)=C1C(=O)NC(=O)NC1=O,CHEMBL308339,,1400000.0,1400.0
O=C(O)C(=Cc1ccc(O)cc1)C(=O)O,CHEMBL308133,,1500000.0,1500.0
N#C/C=C/c1ccc(O)cc1,CHEMBL75718,,2400000.0,2400.0
O=C(O)/C=C/c1ccc(O)cc1,CHEMBL66879,,3000000.0,3000.0
N#CC(C#N)Cc1ccc(O)cc1,CHEMBL76587,,6500000.0,6500.0
